BEGIN_TIME;REDO_GB/H;WRITES/S;KB/WRITE;MS/WRT_REQ;WRT_MB/S;WRT_BUSY_%;SYNCS/S;MS/SYNC;SYNC_SESS;COMMITS/S
2022-10-18 15:00:49;24.26;450.13;15.33;0.54;28.43;24.27;487.02;0.92;0.45;485.83
2022-10-18 14:00:21;24.38;433.94;15.98;0.64;24.97;27.77;483.82;1.17;0.57;482.38
2022-10-18 13:00:56;24.13;449.21;15.28;0.53;28.71;23.91;486.21;0.89;0.43;485.88
2022-10-18 12:00:29;24.11;445.77;15.39;0.56;27.32;25.11;485.42;0.95;0.46;484.25
2022-10-18 11:00:03;24.14;446.53;15.38;0.56;27.37;25.09;486.82;0.99;0.48;485.62
2022-10-18 10:00:37;24.17;454.45;15.13;0.47;32.33;21.27;486.59;0.73;0.36;485.4
2022-10-18 09:00:11;34.32;455.34;21.44;0.52;41.17;23.71;487.22;0.85;0.42;486.23
2022-10-18 08:00:45;42.99;433.24;28.23;0.66;42.91;28.5;482.07;1.19;0.57;480.41
2022-10-18 07:00:19;43.27;444.91;27.67;0.63;44.02;27.96;488.93;1.07;0.53;487.55
2022-10-18 06:00:54;45.31;441.0;29.23;0.63;46.52;27.7;486.36;1.02;0.5;484.87
2022-10-18 05:00:27;30.62;214.97;40.52;0.79;51.09;17.05;228.63;1.19;0.27;228.02
2022-10-18 04:00:00;27.56;205.42;38.17;1.03;36.91;21.24;224.57;1.72;0.39;223.99
2022-10-18 03:00:35;25.37;204.73;35.24;1.15;30.68;23.52;225.9;1.83;0.41;225.33
2022-10-18 02:00:06;25.16;211.56;33.83;0.98;34.65;20.66;226.07;1.63;0.37;225.62
2022-10-18 01:00:40;26.32;213.34;35.09;0.87;40.55;18.46;223.71;1.34;0.3;223.23
2022-10-18 00:00:13;38.19;290.52;37.39;0.79;47.51;22.86;443.59;1.57;0.7;441.23
2022-10-17 23:00:48;32.0;217.85;41.78;0.79;52.82;17.23;237.2;1.17;0.28;236.42
2022-10-17 22:00:21;27.57;209.71;37.4;0.99;37.9;20.69;227.66;1.49;0.34;226.99
2022-10-17 21:00:56;26.81;207.0;36.85;1.08;34.08;22.38;227.07;2.21;0.5;226.41
2022-10-17 20:00:29;26.9;205.84;37.18;1.05;35.53;21.54;225.19;1.79;0.4;224.41
2022-10-17 19:00:03;32.57;216.74;42.75;0.79;54.16;17.11;226.6;1.69;0.38;226.13
2022-10-17 18:00:38;32.0;220.13;41.35;0.61;68.29;13.33;228.0;0.92;0.21;227.54
2022-10-17 17:00:11;28.95;173.03;47.6;0.67;70.85;11.62;178.06;0.98;0.18;177.89
2022-10-17 16:00:46;32.06;171.07;53.3;0.7;75.7;12.05;176.32;0.91;0.16;176.11
2022-10-17 15:00:19;32.29;171.75;53.48;0.67;79.91;11.5;176.7;0.81;0.14;176.51
2022-10-17 14:00:54;33.1;175.22;53.73;0.62;86.78;10.85;178.25;0.76;0.13;178.08
2022-10-17 13:00:28;23.67;175.01;38.48;0.59;64.75;10.4;181.14;0.75;0.14;181.88
2022-10-17 12:00:01;10.85;187.11;16.5;0.53;31.07;9.94;195.91;0.72;0.14;195.65
2022-10-17 11:00:36;10.85;187.33;16.47;0.51;32.47;9.5;196.11;0.7;0.14;195.86
2022-10-17 10:00:09;10.64;167.67;18.05;0.52;34.83;8.69;175.63;0.71;0.12;175.36
2022-10-17 09:00:44;10.64;166.43;18.18;0.49;37.39;8.09;174.85;0.66;0.11;174.61
2022-10-17 08:00:17;10.72;165.74;18.39;0.63;29.24;10.43;174.87;0.98;0.17;174.62
2022-10-17 07:00:52;10.64;166.31;18.19;0.54;33.77;8.96;175.25;0.73;0.13;174.97
2022-10-17 06:00:26;10.57;166.15;18.09;0.55;33.02;9.1;174.07;0.76;0.13;173.81
2022-10-17 05:01:01;10.43;213.31;13.91;0.58;24.0;12.36;224.14;1.0;0.22;223.63
2022-10-17 04:00:34;10.41;212.48;13.94;0.64;21.82;13.58;225.06;1.07;0.24;224.46
2022-10-17 03:00:08;10.43;211.09;14.05;0.72;19.58;15.15;224.27;1.15;0.26;223.64
2022-10-17 02:00:41;10.42;212.48;13.95;0.69;20.14;14.72;224.19;1.25;0.28;223.65
2022-10-17 01:00:15;10.45;218.0;13.63;0.49;27.87;10.66;225.05;0.77;0.17;224.58
2022-10-17 00:00:49;17.4;229.35;21.58;1.76;12.27;40.35;429.11;4.65;2.0;425.4
2022-10-16 23:00:23;11.29;222.91;14.41;0.54;26.6;12.08;250.32;1.03;0.26;249.33
2022-10-16 22:00:57;10.46;220.05;13.52;0.42;32.14;9.25;225.39;0.52;0.12;224.96
2022-10-16 21:00:31;10.56;221.54;13.56;0.42;32.11;9.36;225.18;0.53;0.12;224.84
2022-10-16 20:00:04;10.67;224.28;13.53;0.42;32.03;9.47;229.34;0.53;0.12;228.91
2022-10-16 19:00:39;10.53;220.32;13.6;0.45;30.39;9.86;225.24;0.56;0.13;224.9
2022-10-16 18:00:13;30.39;654.15;13.22;0.47;28.19;30.67;790.14;0.73;0.58;789.25
2022-10-16 17:00:48;44.15;799.64;15.71;0.53;29.62;42.4;1044.37;0.9;0.94;1042.39
2022-10-16 16:00:20;44.64;821.65;15.45;0.51;30.03;42.28;1057.83;0.87;0.93;1055.96
2022-10-16 15:00:55;44.26;857.99;14.67;0.44;33.32;37.79;1048.53;0.7;0.74;1046.79
2022-10-16 14:00:29;44.83;865.11;14.74;0.43;34.2;37.28;1058.31;0.69;0.73;1056.61
2022-10-16 13:00:02;44.54;846.51;14.97;0.46;32.87;38.55;1057.15;0.75;0.79;1056.42
2022-10-16 12:00:37;44.28;816.33;15.43;0.49;31.19;40.39;1048.07;0.85;0.89;1046.22
2022-10-16 11:00:10;44.52;825.81;15.33;0.5;30.9;40.99;1057.26;0.85;0.9;1055.26
2022-10-16 10:00:45;44.24;835.0;15.07;0.49;30.66;41.04;1047.71;0.8;0.84;1045.8
2022-10-16 09:00:19;44.45;780.48;16.2;0.61;26.71;47.33;1055.58;1.14;1.2;1053.08
2022-10-16 08:00:53;44.09;730.41;17.17;0.77;22.35;56.11;1040.54;1.77;1.84;1037.51
2022-10-16 07:00:27;44.55;791.49;16.01;0.57;27.95;45.33;1058.26;1.07;1.13;1055.96
2022-10-16 06:01:01;47.77;764.0;17.78;0.68;26.29;51.68;1158.07;1.59;1.84;1155.14
2022-10-16 05:00:35;11.03;223.68;14.03;0.54;26.19;11.99;241.97;0.79;0.19;241.29
2022-10-16 04:00:08;10.43;212.34;13.97;0.57;24.54;12.08;224.6;0.78;0.18;224.05
2022-10-16 03:00:43;10.43;214.53;13.83;0.56;24.62;12.05;225.23;0.74;0.17;224.68
2022-10-16 02:00:16;10.46;217.28;13.69;0.44;31.19;9.54;225.12;0.56;0.13;224.57
2022-10-16 01:00:51;10.44;217.63;13.65;0.48;28.67;10.36;225.6;0.64;0.14;225.06
2022-10-16 00:00:24;17.47;304.37;16.32;0.49;33.38;14.88;430.97;0.89;0.38;429.07
2022-10-15 23:00:59;11.16;225.1;14.1;0.53;26.73;11.87;246.42;0.77;0.19;245.78
2022-10-15 22:00:32;10.49;219.31;13.61;0.49;27.95;10.67;226.06;0.68;0.15;225.57
2022-10-15 21:00:06;10.51;219.66;13.61;0.47;28.76;10.4;225.7;0.66;0.15;225.25
2022-10-15 20:00:41;10.66;222.34;13.64;0.46;29.4;10.32;229.03;0.64;0.15;228.57
2022-10-15 19:00:15;10.53;223.19;13.42;0.46;28.99;10.33;226.56;0.61;0.14;226.58
2022-10-15 18:00:49;30.38;666.01;12.98;0.43;30.0;28.81;790.23;0.7;0.55;789.44
2022-10-15 17:00:22;44.25;865.07;14.55;0.41;35.26;35.7;1051.59;0.72;0.76;1050.0
2022-10-15 16:00:57;44.26;860.66;14.63;0.42;35.01;35.96;1048.77;0.76;0.8;1047.15
2022-10-15 15:00:30;44.49;850.49;14.88;0.45;33.09;38.25;1057.85;0.85;0.9;1056.24
2022-10-15 14:00:03;44.66;796.49;15.95;0.58;27.63;45.99;1053.91;1.16;1.22;1051.88
2022-10-15 13:00:38;44.26;828.18;15.2;0.48;31.45;40.02;1048.85;0.92;0.97;1047.95
2022-10-15 12:00:11;44.47;835.22;15.15;0.48;31.61;40.02;1057.44;0.97;1.03;1055.65
2022-10-15 11:00:46;44.15;740.63;16.96;0.68;24.87;50.49;1046.29;1.41;1.47;1043.94
2022-10-15 10:00:19;44.29;704.9;17.87;0.77;23.11;54.51;1052.65;1.86;1.96;1050.04
2022-10-15 09:00:54;44.23;791.65;15.89;0.56;28.33;44.41;1047.47;1.14;1.2;1045.43
2022-10-15 08:00:27;44.45;781.7;16.18;0.58;27.97;45.21;1054.19;1.17;1.24;1052.0
2022-10-15 07:00:01;44.51;801.85;15.79;0.54;29.35;43.14;1056.01;1.11;1.18;1054.02
2022-10-15 06:00:35;43.85;756.79;16.48;0.65;25.27;49.36;1045.87;1.4;1.47;1043.61
2022-10-15 05:00:10;10.56;207.74;14.45;0.93;15.47;19.41;229.58;2.29;0.52;228.87
2022-10-15 04:00:46;10.23;181.24;16.06;2.03;7.91;36.78;219.51;3.82;0.84;218.7
2022-10-15 03:00:21;10.22;179.2;16.21;2.21;7.32;39.69;219.01;4.67;1.02;218.13
2022-10-15 02:00:56;10.24;180.72;16.12;2.16;7.46;39.06;218.98;4.88;1.07;218.32
2022-10-15 01:00:29;10.38;211.5;13.96;0.71;19.76;14.94;223.62;1.1;0.25;223.2
2022-10-15 00:00:03;18.05;287.06;17.89;0.75;23.91;21.48;449.74;1.64;0.74;447.3
2022-10-14 23:00:38;10.48;214.43;13.9;0.64;21.64;13.77;227.61;0.99;0.22;227.1
2022-10-14 22:00:12;10.42;208.01;14.24;0.82;17.27;17.16;224.3;1.23;0.28;223.75
2022-10-14 21:00:47;10.47;209.09;14.24;0.8;17.84;16.69;224.44;1.34;0.3;223.83
2022-10-14 20:00:19;10.58;212.24;14.18;0.92;15.41;19.53;228.93;1.51;0.35;228.39
2022-10-14 19:00:54;10.49;214.86;13.88;0.61;22.74;13.12;224.67;1.51;0.34;224.21
2022-10-14 18:00:28;30.15;658.79;13.02;0.43;30.24;28.36;786.95;0.82;0.65;786.14
2022-10-14 17:00:01;44.23;858.14;14.66;0.43;33.83;37.19;1051.44;0.78;0.82;1049.91
2022-10-14 16:00:36;44.27;836.08;15.06;0.47;31.89;39.49;1048.44;0.88;0.92;1046.76
2022-10-14 15:00:10;44.6;833.64;15.22;0.48;31.99;39.67;1057.14;0.92;0.97;1055.33
2022-10-14 14:00:45;44.51;862.57;14.68;0.42;34.59;36.6;1049.65;0.76;0.8;1048.06
2022-10-14 13:00:18;44.65;839.89;15.12;0.48;31.54;40.26;1057.1;0.9;0.96;1056.32
2022-10-14 12:00:53;44.28;845.99;14.89;0.46;32.36;38.93;1046.65;0.85;0.89;1045.02
2022-10-14 11:00:26;44.78;842.83;15.11;0.47;32.36;39.36;1058.13;0.89;0.94;1056.47
2022-10-14 10:01:01;44.3;832.16;15.14;0.47;32.45;38.84;1048.97;0.88;0.93;1047.14
2022-10-14 09:00:35;44.87;843.95;15.12;0.47;32.36;39.44;1056.46;0.91;0.97;1054.79
2022-10-14 08:00:08;45.21;814.9;15.78;0.53;30.04;42.81;1055.85;1.23;1.3;1053.88
2022-10-14 07:00:42;45.65;812.9;15.97;0.54;29.82;43.55;1047.5;1.16;1.22;1045.53
2022-10-14 06:00:16;45.13;802.43;16.0;0.52;30.49;42.1;1041.67;1.12;1.17;1039.6
2022-10-14 05:00:50;10.96;223.67;13.94;0.57;24.55;12.7;224.57;0.87;0.2;224.07
2022-10-14 04:00:24;10.98;223.3;13.99;0.63;22.37;13.96;224.93;1.04;0.23;224.38
2022-10-14 03:00:59;10.95;219.34;14.2;0.78;18.27;17.05;224.15;1.33;0.3;223.6
2022-10-14 02:00:32;11.01;219.6;14.27;0.7;20.42;15.34;224.96;1.25;0.28;224.35
2022-10-14 01:00:06;10.97;219.4;14.23;0.74;19.32;16.15;223.05;1.21;0.27;222.53
2022-10-14 00:00:41;17.91;276.36;18.43;0.9;20.5;24.84;425.87;2.07;0.88;423.58
2022-10-13 23:00:14;11.64;225.71;14.67;0.78;18.8;17.61;253.28;1.37;0.35;252.38
2022-10-13 22:00:48;10.61;201.66;14.96;1.35;11.09;27.2;223.48;2.36;0.53;222.81
2022-10-13 21:00:21;14.49;205.21;20.08;1.47;13.62;30.27;223.84;2.97;0.66;223.36
2022-10-13 20:00:56;14.83;213.35;19.77;1.12;17.59;23.98;229.51;1.97;0.45;228.7
2022-10-13 19:00:29;11.0;225.22;13.89;0.6;23.34;13.41;224.68;0.93;0.21;224.27
2022-10-13 18:00:03;33.04;659.94;14.24;0.5;28.27;33.24;789.7;1.03;0.81;788.8
2022-10-13 17:00:38;47.38;808.95;16.66;0.55;30.07;44.82;1046.45;1.3;1.36;1044.37
2022-10-13 16:00:11;47.7;813.24;16.68;0.56;29.58;45.86;1054.98;1.3;1.37;1052.9
2022-10-13 15:00:46;47.34;809.64;16.63;0.56;29.84;45.12;1046.13;1.32;1.38;1044.23
2022-10-13 14:00:19;47.91;814.28;16.74;0.56;29.73;45.84;1055.03;1.21;1.28;1053.01
2022-10-13 13:00:54;47.24;777.09;17.29;0.62;27.69;48.52;1043.58;1.38;1.44;1042.27
2022-10-13 12:00:27;47.64;770.16;17.59;0.63;28.04;48.33;1054.19;1.51;1.59;1052.03
2022-10-13 11:00:01;47.37;748.98;17.99;0.66;27.18;49.57;1050.88;2.4;2.52;1048.55
2022-10-13 10:00:36;47.15;821.16;16.33;0.55;29.62;45.28;1046.58;1.23;1.29;1044.7
2022-10-13 09:00:09;47.18;829.42;16.18;0.52;31.04;43.24;1054.98;1.16;1.23;1053.22
2022-10-13 08:00:44;46.21;757.19;17.36;0.62;27.85;47.2;1044.52;1.69;1.76;1042.3
2022-10-13 07:00:17;46.41;819.25;16.11;0.53;30.5;43.28;1056.66;1.19;1.25;1054.8
2022-10-13 06:00:52;44.28;789.96;15.95;0.56;28.72;43.86;1030.43;1.24;1.28;1028.5
2022-10-13 05:00:25;15.4;233.44;18.76;0.54;34.89;12.55;238.97;0.8;0.19;238.57
2022-10-13 04:01:00;21.98;226.44;27.6;0.62;44.48;14.05;230.06;0.95;0.22;229.65
2022-10-13 03:00:34;20.73;221.54;26.62;0.77;34.55;17.07;228.39;1.23;0.28;227.97
2022-10-13 02:00:07;18.9;220.71;24.36;0.74;32.89;16.35;229.28;1.23;0.28;228.84
2022-10-13 01:00:42;26.61;220.53;34.33;0.79;43.54;17.39;229.73;1.24;0.28;229.21
2022-10-13 00:00:15;44.98;299.45;42.73;0.8;53.56;23.89;445.09;1.49;0.66;442.9
2022-10-12 23:00:50;39.0;225.56;49.18;0.82;60.17;18.44;241.09;1.23;0.3;240.32
2022-10-12 22:00:25;33.08;214.75;43.81;1.09;40.16;23.43;227.92;1.77;0.4;227.39
2022-10-12 21:00:58;27.38;202.44;38.48;1.56;24.64;31.61;225.23;2.76;0.62;224.58
2022-10-12 20:00:31;22.04;207.51;30.21;1.14;26.48;23.67;225.84;1.93;0.43;225.18
2022-10-12 19:00:05;10.49;217.92;13.69;0.57;23.99;12.43;225.32;0.86;0.19;224.84
2022-10-12 18:00:40;30.9;623.59;14.09;0.56;25.13;34.97;792.82;1.21;0.96;791.81
2022-10-12 17:00:13;44.8;833.61;15.29;0.48;32.0;39.82;1050.43;0.98;1.03;1048.61
2022-10-12 16:00:48;46.08;814.88;16.08;0.53;30.58;42.86;1046.26;1.17;1.22;1044.29
2022-10-12 15:00:21;46.84;814.45;16.36;0.55;29.92;44.53;1055.42;1.17;1.24;1053.36
2022-10-12 14:00:56;47.38;807.57;16.69;0.55;30.15;44.7;1046.3;1.22;1.27;1044.1
2022-10-12 13:00:29;47.6;771.89;17.54;0.63;27.97;48.41;1052.71;1.49;1.56;1051.37
2022-10-12 12:00:02;47.66;810.44;16.73;0.56;30.11;45.02;1055.41;1.29;1.36;1053.35
2022-10-12 11:00:37;47.29;810.16;16.6;0.55;30.19;44.56;1046.79;1.25;1.31;1044.76
2022-10-12 10:00:10;47.57;802.13;16.87;0.58;28.89;46.84;1054.4;1.42;1.5;1052.17
2022-10-12 09:00:43;46.81;657.64;20.25;0.89;22.86;58.25;1037.27;3.06;3.18;1033.87
2022-10-12 08:00:17;46.87;803.76;16.59;0.56;29.88;44.62;1055.79;1.34;1.42;1053.73
2022-10-12 07:00:52;45.4;823.89;15.67;0.5;31.08;41.56;1046.07;1.05;1.1;1044.19
2022-10-12 06:00:25;44.46;808.8;15.64;0.53;29.42;42.98;1043.49;1.11;1.16;1041.63
2022-10-12 05:01:00;10.59;221.89;13.57;0.52;26.01;11.58;226.95;0.82;0.19;226.47
2022-10-12 04:00:33;12.47;221.57;16.01;0.59;27.2;13.04;226.26;0.92;0.21;225.82
2022-10-12 03:00:07;21.82;222.5;27.89;0.72;38.53;16.11;226.35;1.17;0.26;225.94
2022-10-12 02:00:41;19.88;223.78;25.27;0.68;36.94;15.31;228.95;1.04;0.24;228.47
2022-10-12 01:00:14;39.26;220.3;50.69;0.81;62.5;17.87;226.9;1.21;0.27;226.35
2022-10-12 00:00:48;45.77;286.96;45.37;0.82;55.33;23.53;422.18;1.6;0.67;419.86
2022-10-11 23:00:21;38.18;229.09;47.41;0.86;55.26;19.66;260.11;1.38;0.36;259.06
2022-10-11 22:00:55;38.91;189.29;58.47;1.9;30.77;35.96;222.75;3.37;0.75;221.77
2022-10-11 21:00:25;45.42;174.48;74.05;2.53;29.29;44.12;220.51;4.66;1.03;219.6
2022-10-11 20:00:59;30.88;189.39;46.38;1.68;27.58;31.85;221.86;3.19;0.71;221.02
2022-10-11 19:00:32;10.54;219.92;13.64;0.46;29.33;10.23;225.37;0.65;0.15;224.98
2022-10-11 18:00:06;30.4;659.27;13.12;0.45;29.4;29.42;790.52;0.83;0.66;789.56
2022-10-11 17:00:41;44.17;855.04;14.69;0.44;33.6;37.39;1047.58;0.77;0.81;1045.72
2022-10-11 16:00:14;44.43;854.17;14.79;0.45;32.66;38.69;1058.0;0.81;0.86;1056.22
2022-10-11 15:00:49;44.2;832.15;15.11;0.48;31.58;39.82;1047.47;0.86;0.9;1045.71
2022-10-11 14:00:23;44.62;822.44;15.43;0.52;29.71;42.72;1057.78;1.0;1.06;1055.74
2022-10-11 13:00:58;44.63;837.06;15.16;0.47;32.17;39.46;1048.11;0.89;0.93;1047.17
2022-10-11 12:00:31;45.64;853.09;15.22;0.48;31.91;40.68;1056.46;0.91;0.96;1054.75
2022-10-11 11:00:05;45.69;832.43;15.61;0.5;31.41;41.37;1056.89;1.02;1.08;1054.95
2022-10-11 10:00:40;45.41;835.06;15.47;0.49;31.64;40.82;1047.62;0.95;0.99;1045.73
2022-10-11 09:00:13;46.7;836.59;15.88;0.5;31.52;42.14;1056.2;1.08;1.15;1054.26
2022-10-11 08:00:48;47.04;766.77;17.45;0.64;27.46;48.72;1042.66;1.66;1.73;1040.19
2022-10-11 07:00:21;47.2;800.65;16.77;0.61;27.61;48.63;1050.51;1.38;1.45;1048.25
2022-10-11 06:00:55;45.55;795.54;16.29;0.58;28.32;45.75;1047.37;1.22;1.27;1045.21
2022-10-11 05:00:28;10.91;227.67;13.63;0.59;23.02;13.48;237.57;0.9;0.21;237.07
2022-10-11 04:00:02;10.43;217.37;13.65;0.6;22.6;13.13;224.04;0.87;0.2;223.61
2022-10-11 03:00:37;10.41;211.18;14.02;0.88;15.87;18.65;222.96;1.44;0.32;222.43
2022-10-11 02:00:09;10.37;214.52;13.75;0.82;16.69;17.68;222.43;1.28;0.28;222.09
2022-10-11 01:00:39;10.43;213.15;13.92;0.84;16.64;17.82;221.71;1.31;0.29;221.35
2022-10-11 00:00:13;19.72;297.52;18.86;0.67;28.19;19.9;444.01;1.46;0.65;441.92
2022-10-10 23:00:48;28.79;229.99;35.6;0.74;48.02;17.05;238.84;1.17;0.28;238.44
2022-10-10 22:00:21;32.11;206.18;44.3;1.4;31.54;28.96;229.63;2.26;0.52;228.85
2022-10-10 21:00:55;32.54;207.14;44.68;1.34;33.38;27.73;226.59;2.74;0.62;225.93
2022-10-10 20:00:28;22.56;212.18;30.25;0.96;31.42;20.43;227.23;1.52;0.35;226.56
2022-10-10 19:00:02;10.45;221.71;13.41;0.45;29.51;10.07;225.34;0.61;0.14;225.03
2022-10-10 18:00:37;30.49;649.56;13.35;0.49;27.3;31.76;793.5;0.93;0.74;792.54
2022-10-10 17:00:09;43.99;832.19;15.04;0.49;30.85;40.56;1046.24;0.94;0.99;1044.47
2022-10-10 16:00:44;44.79;840.4;15.16;0.46;32.64;39.03;1047.95;0.89;0.93;1046.14
2022-10-10 15:00:18;45.39;842.99;15.32;0.48;31.83;40.57;1056.71;0.94;1.0;1054.86
2022-10-10 14:00:53;45.16;849.53;15.12;0.46;32.63;39.36;1047.13;0.92;0.96;1045.3
2022-10-10 13:00:26;45.49;835.61;15.49;0.5;31.22;41.45;1053.0;1.01;1.07;1051.96
2022-10-10 12:01:00;45.43;827.86;15.61;0.5;31.03;41.64;1045.38;1.03;1.07;1043.52
2022-10-10 11:00:33;46.18;791.52;16.6;0.57;29.14;45.08;1053.3;1.29;1.36;1051.13
2022-10-10 10:00:06;47.27;836.51;16.07;0.52;30.93;43.47;1053.9;1.1;1.16;1051.98
2022-10-10 09:00:41;47.18;834.62;16.08;0.51;31.44;42.68;1045.64;1.11;1.16;1043.69
2022-10-10 08:00:15;47.5;823.6;16.41;0.54;30.3;44.59;1052.85;1.25;1.32;1050.81
2022-10-10 07:00:50;45.7;820.45;15.84;0.52;30.31;42.88;1045.39;1.05;1.1;1043.32
2022-10-10 06:00:22;44.84;820.67;15.54;0.52;29.94;42.6;1051.74;1.08;1.14;1049.63
2022-10-10 05:00:57;10.58;222.62;13.51;0.55;24.62;12.22;226.66;0.77;0.17;226.22
2022-10-10 04:00:30;11.81;222.92;15.07;0.53;28.53;11.78;225.65;0.82;0.18;225.29
2022-10-10 03:00:04;34.36;231.01;42.31;0.69;61.11;15.99;230.81;0.99;0.23;230.46
2022-10-10 02:00:36;36.3;224.64;45.97;0.74;62.42;16.54;228.03;1.04;0.24;227.57
2022-10-10 01:00:09;35.31;218.89;45.88;0.97;47.11;21.32;227.92;1.69;0.39;227.4
2022-10-10 00:00:44;38.75;219.6;50.19;2.46;20.38;54.09;437.23;6.44;2.82;433.28
2022-10-09 23:00:17;33.33;223.59;42.4;0.64;66.45;14.27;245.66;1.14;0.28;244.89
2022-10-09 22:00:51;10.46;221.18;13.45;0.44;30.4;9.78;225.26;0.55;0.12;224.94
2022-10-09 21:00:25;10.47;220.65;13.5;0.45;29.72;10.02;225.54;0.59;0.13;225.09
2022-10-09 20:00:59;10.59;219.34;13.73;0.44;31.13;9.67;224.73;0.56;0.12;224.28
2022-10-09 19:00:33;10.5;221.33;13.49;0.44;30.7;9.73;225.99;0.55;0.13;225.6
2022-10-09 18:00:06;30.93;652.9;13.47;0.48;28.11;31.29;789.7;0.78;0.62;788.7
2022-10-09 17:00:41;43.01;811.53;15.08;0.51;29.44;41.56;1022.19;0.88;0.9;1020.39
2022-10-09 16:00:15;43.5;818.58;15.12;0.51;29.83;41.47;1033.42;0.87;0.9;1031.47
2022-10-09 15:00:50;43.14;829.12;14.8;0.48;30.6;40.1;1023.94;0.82;0.84;1022.11
2022-10-09 14:00:23;43.7;853.37;14.57;0.43;33.67;36.92;1034.89;0.74;0.77;1032.99
2022-10-09 13:00:58;43.13;842.26;14.57;0.45;32.47;37.78;1023.14;0.77;0.79;1022.19
2022-10-09 12:00:32;43.6;839.66;14.77;0.47;31.49;39.38;1033.3;0.8;0.83;1031.57
2022-10-09 11:00:05;43.57;790.38;15.68;0.55;28.31;43.78;1031.36;1.02;1.05;1029.27
2022-10-09 10:00:40;43.34;826.13;14.92;0.5;30.04;41.04;1024.69;0.9;0.92;1022.87
2022-10-09 09:00:12;43.93;768.91;16.25;0.62;26.1;47.87;1029.0;1.17;1.2;1026.83
2022-10-09 08:00:46;43.91;779.16;16.03;0.65;24.81;50.34;1018.69;1.29;1.31;1016.64
2022-10-09 07:00:19;45.47;788.95;16.39;0.58;28.29;45.72;1032.83;1.15;1.19;1030.7
2022-10-09 06:00:53;50.05;767.08;18.56;0.68;27.2;52.33;1125.06;1.65;1.86;1122.17
2022-10-09 05:00:26;11.25;229.37;13.95;0.53;26.23;12.19;235.94;0.85;0.2;235.45
2022-10-09 04:01:01;10.63;226.48;13.35;0.49;27.1;11.15;224.44;0.65;0.15;224.05
2022-10-09 03:00:34;12.2;224.73;15.44;0.53;29.33;11.83;223.93;0.72;0.16;223.51
2022-10-09 02:00:07;31.53;227.44;39.43;0.62;63.18;14.19;225.44;0.85;0.19;225.08
2022-10-09 01:00:42;34.61;227.85;43.21;0.7;61.75;15.94;226.37;0.98;0.22;225.92
2022-10-09 00:00:15;43.99;241.42;51.83;0.73;71.45;17.51;279.93;1.18;0.33;278.7
2022-10-08 23:00:50;31.12;233.25;37.95;0.68;55.57;15.93;238.13;1.01;0.24;237.61
2022-10-08 22:00:24;11.12;228.03;13.87;0.55;25.2;12.55;226.3;0.85;0.19;225.87
2022-10-08 21:00:58;10.91;227.15;13.66;0.53;25.81;12.02;225.21;0.81;0.18;224.7
2022-10-08 20:00:31;11.03;226.68;13.84;0.51;27.29;11.5;225.08;0.79;0.18;224.55
2022-10-08 19:00:04;10.99;231.9;13.48;0.52;26.02;12.02;226.69;0.76;0.17;226.63
2022-10-08 18:00:38;32.87;673.93;13.87;0.47;29.53;31.66;793.6;0.95;0.75;792.74
2022-10-08 17:00:12;46.41;839.27;15.73;0.48;32.63;40.46;1049.98;1.01;1.06;1048.16
2022-10-08 16:00:47;46.39;830.86;15.88;0.5;31.99;41.25;1048.51;1.06;1.11;1046.57
2022-10-08 15:00:21;46.73;848.28;15.67;0.48;32.59;40.79;1056.97;1.03;1.09;1055.17
2022-10-08 14:00:55;46.42;781.45;16.9;0.62;27.2;48.53;1043.46;1.34;1.4;1041.24
2022-10-08 13:00:28;47.54;855.73;15.8;0.48;33.01;40.97;1057.82;1.0;1.05;1056.96
2022-10-08 12:00:02;57.8;792.23;20.75;0.59;34.97;47.01;1059.18;1.24;1.31;1057.17
2022-10-08 11:00:37;56.31;719.91;22.25;0.75;29.86;53.65;1051.04;1.73;1.82;1048.58
2022-10-08 10:00:10;55.34;694.58;22.66;0.82;27.53;57.18;1055.61;2.03;2.15;1052.85
2022-10-08 09:00:44;54.26;784.81;19.66;0.61;32.42;47.61;1049.28;1.35;1.41;1046.91
2022-10-08 08:00:17;52.19;697.87;21.27;0.8;26.68;55.64;1055.47;2.06;2.17;1052.33
2022-10-08 07:00:51;50.85;511.34;28.28;1.34;21.05;68.72;1037.4;4.94;5.13;1032.57
2022-10-08 06:00:24;51.49;660.21;22.18;0.94;23.66;61.89;1056.08;2.11;2.23;1052.38
2022-10-08 05:00:59;12.78;179.34;20.27;2.47;8.19;44.38;219.05;7.66;1.68;218.18
2022-10-08 04:00:24;10.8;146.13;21.01;4.12;5.1;60.17;201.6;27.06;5.45;200.52
2022-10-08 03:00:51;10.2;125.3;23.17;5.3;4.37;66.41;187.75;47.14;8.85;186.63
2022-10-08 02:00:23;9.81;109.99;25.38;6.63;3.83;72.93;186.62;53.09;9.91;185.35
2022-10-08 01:00:57;23.78;217.62;31.08;0.97;31.94;21.17;228.49;1.7;0.39;227.83
2022-10-08 00:00:31;48.09;274.85;49.77;1.07;46.38;29.49;442.93;2.66;1.18;440.36
2022-10-07 23:00:05;33.09;216.03;43.57;0.87;49.95;18.84;242.91;1.41;0.34;241.99
2022-10-07 22:00:40;10.41;210.3;14.09;0.87;16.11;18.38;225.9;1.28;0.29;225.32
2022-10-07 21:00:13;10.42;209.64;14.14;0.92;15.31;19.36;223.85;1.71;0.38;223.3
2022-10-07 20:00:47;10.46;208.61;14.26;0.9;15.84;18.78;223.77;1.55;0.35;223.12
2022-10-07 19:00:21;10.49;221.4;13.48;0.47;28.91;10.32;226.05;0.65;0.15;225.64
2022-10-07 18:00:56;30.47;658.59;13.16;0.46;28.82;30.07;789.83;0.95;0.75;788.99
2022-10-07 17:00:29;44.13;848.68;14.79;0.46;32.5;38.63;1046.99;0.85;0.89;1045.18
2022-10-07 16:00:03;45.67;837.21;15.52;0.49;31.96;40.65;1057.18;1.0;1.05;1055.31
2022-10-07 15:00:38;45.57;821.51;15.78;0.53;30.03;43.17;1048.49;1.1;1.15;1046.5
2022-10-07 14:00:11;47.33;843.52;15.96;0.5;31.9;42.21;1056.99;1.07;1.13;1055.08
2022-10-07 13:00:46;47.21;834.53;16.09;0.51;31.66;42.41;1047.26;1.11;1.16;1046.14
2022-10-07 12:00:19;47.54;836.31;16.17;0.52;30.84;43.84;1055.13;1.11;1.17;1053.14
2022-10-07 11:00:54;47.15;837.74;16.01;0.5;32.01;41.9;1047.24;1.03;1.08;1045.3
2022-10-07 10:00:27;47.51;832.24;16.24;0.52;31.41;43.03;1056.93;1.13;1.19;1054.97
2022-10-07 09:00:01;47.01;839.81;15.92;0.5;31.75;42.12;1056.28;1.08;1.14;1054.33
2022-10-07 08:00:36;45.7;793.36;16.38;0.58;28.36;45.83;1046.3;1.44;1.51;1044.07
2022-10-07 07:00:09;45.87;799.08;16.33;0.58;28.26;46.16;1056.47;1.3;1.37;1054.15
2022-10-07 06:00:43;43.89;768.6;16.24;0.59;27.46;45.46;1030.08;1.33;1.37;1028.0
2022-10-07 05:00:16;19.62;229.71;24.29;0.68;35.59;15.68;237.2;1.06;0.25;236.77
2022-10-07 04:00:51;20.36;222.92;25.98;0.73;35.48;16.32;228.83;1.17;0.27;228.41
2022-10-07 03:00:24;26.75;215.91;35.24;1.0;35.23;21.6;229.37;1.63;0.37;228.75
2022-10-07 02:00:59;37.08;216.22;48.78;0.93;52.57;20.06;229.23;1.48;0.34;228.46
2022-10-07 01:00:31;38.73;221.82;49.67;0.85;58.11;18.96;230.12;1.35;0.31;229.52
2022-10-07 00:00:03;42.24;286.24;41.97;1.06;39.48;30.43;451.61;2.58;1.17;449.28
2022-10-06 23:00:38;29.13;209.83;39.48;0.87;45.21;18.33;228.86;1.4;0.32;227.95
2022-10-06 22:00:10;10.45;199.71;14.89;1.19;12.55;23.69;223.9;1.95;0.44;223.11
2022-10-06 21:00:46;10.38;206.88;14.28;0.99;14.47;20.41;224.9;1.81;0.41;224.25
2022-10-06 20:00:19;10.41;205.93;14.38;0.88;16.34;18.13;224.21;1.5;0.34;223.35
2022-10-06 19:00:54;10.45;218.35;13.61;0.51;26.92;11.04;225.56;0.73;0.16;225.07
2022-10-06 18:00:27;30.16;661.26;12.97;0.44;29.39;29.19;787.73;0.74;0.58;786.72
2022-10-06 17:00:00;34.41;752.04;13.01;0.44;29.71;32.95;909.48;0.76;0.69;907.68
2022-10-06 16:00:35;34.41;758.95;12.89;0.42;30.56;32.03;909.43;0.76;0.69;907.75
2022-10-06 15:00:09;34.65;762.66;12.92;0.43;30.06;32.79;916.0;0.77;0.71;914.06
2022-10-06 14:00:43;34.42;754.6;12.97;0.44;29.74;32.92;906.97;0.79;0.72;905.08
2022-10-06 13:00:17;34.65;735.98;13.39;0.5;26.93;36.6;912.99;0.93;0.85;911.98
2022-10-06 12:00:52;34.25;736.21;13.23;0.48;27.38;35.58;905.11;0.94;0.85;903.09
2022-10-06 11:00:25;34.66;760.71;12.96;0.43;29.87;33.0;916.64;0.79;0.72;914.76
2022-10-06 10:01:00;34.29;748.26;13.04;0.44;29.39;33.19;905.09;0.81;0.74;903.03
2022-10-06 09:00:33;34.68;747.14;13.2;0.46;28.52;34.59;916.66;0.89;0.82;914.62
2022-10-06 08:00:06;34.64;728.56;13.52;0.51;26.69;36.91;915.12;1.18;1.08;912.69
2022-10-06 07:00:41;34.14;728.46;13.33;0.5;26.73;36.33;905.16;1.07;0.97;902.87
2022-10-06 06:00:14;14.58;320.61;12.94;0.59;21.99;18.86;345.7;1.05;0.36;343.97
2022-10-06 05:00:50;10.36;214.18;13.76;0.57;23.95;12.31;224.83;0.96;0.22;224.2
2022-10-06 04:00:24;10.39;210.11;14.06;0.67;21.05;14.04;224.93;1.05;0.24;224.29
2022-10-06 03:00:58;10.84;204.32;15.09;0.97;15.52;19.86;223.03;1.65;0.37;222.34
2022-10-06 02:00:32;30.66;210.96;41.35;0.84;49.13;17.75;226.45;1.26;0.28;225.74
2022-10-06 01:00:05;32.16;213.46;42.85;0.77;55.62;16.44;225.82;1.14;0.26;225.16
2022-10-06 00:00:39;36.25;227.96;45.24;0.82;55.48;18.58;273.82;1.43;0.39;272.7
2022-10-05 23:00:13;32.21;225.07;40.71;0.73;55.57;16.49;257.46;1.13;0.29;256.5
2022-10-05 22:00:48;10.41;214.02;13.84;0.69;19.96;14.84;225.26;1.04;0.23;224.74
2022-10-05 21:00:20;10.3;193.21;15.17;1.64;9.27;31.6;222.8;2.99;0.67;221.98
2022-10-05 20:00:55;10.32;206.06;14.24;0.93;15.28;19.2;224.49;1.55;0.35;223.74
2022-10-05 19:00:28;10.42;217.3;13.64;0.5;27.53;10.77;225.1;0.69;0.15;224.64
2022-10-05 18:00:01;10.42;218.79;13.55;0.46;29.2;10.16;225.55;0.68;0.15;225.06
2022-10-05 17:00:36;24.32;457.75;15.11;0.45;33.38;20.72;487.61;0.68;0.33;486.32
2022-10-05 16:00:10;24.39;457.27;15.17;0.46;32.64;21.25;488.41;0.74;0.36;486.94
2022-10-05 15:00:45;24.27;454.62;15.18;0.46;32.89;20.99;488.08;0.72;0.35;486.45
2022-10-05 14:00:18;24.32;454.62;15.22;0.46;33.32;20.77;487.94;0.71;0.35;486.3
2022-10-05 13:00:53;24.4;457.48;15.17;0.45;33.43;20.76;489.02;0.71;0.35;488.5
2022-10-05 12:00:26;24.28;452.97;15.25;0.49;30.83;22.4;487.57;0.78;0.38;486.33
2022-10-05 11:00:00;24.31;451.56;15.31;0.49;31.41;22.02;486.62;0.77;0.37;485.1
2022-10-05 10:00:35;24.3;457.48;15.11;0.48;31.72;21.79;487.99;0.76;0.37;486.72
2022-10-05 09:00:08;24.28;449.61;15.36;0.5;30.6;22.57;485.93;0.79;0.39;484.48
2022-10-05 08:00:43;24.29;448.8;15.4;0.54;28.53;24.22;487.31;0.99;0.48;485.92
2022-10-05 07:00:16;24.3;446.49;15.48;0.54;28.84;23.96;487.84;1.04;0.51;486.31
2022-10-05 06:00:51;23.78;431.05;15.69;0.57;27.55;24.55;476.0;1.07;0.51;474.1
2022-10-05 05:00:24;8.96;159.03;16.03;0.57;28.09;9.08;170.32;0.87;0.15;169.61
2022-10-05 04:00:58;8.89;156.2;16.19;0.58;28.05;9.01;168.6;0.81;0.14;167.85
2022-10-05 03:00:32;8.86;152.47;16.52;0.77;21.52;11.7;167.73;1.27;0.21;166.89
2022-10-05 02:00:05;24.78;156.21;45.12;0.78;58.19;12.11;169.39;1.15;0.19;168.5
2022-10-05 01:00:40;32.27;157.84;58.15;0.79;73.42;12.5;170.0;1.06;0.18;168.86
2022-10-05 00:00:14;41.91;241.25;49.41;0.83;59.44;20.06;387.36;1.58;0.61;384.69
2022-10-04 23:00:48;32.33;164.44;55.93;0.74;75.63;12.16;181.47;0.99;0.18;180.56
2022-10-04 22:00:21;10.83;145.81;21.13;1.35;15.62;19.73;169.11;2.22;0.37;168.03
2022-10-04 21:00:55;14.29;135.9;29.9;2.3;13.0;31.26;166.01;4.43;0.74;165.1
2022-10-04 20:00:27;12.08;145.36;23.63;1.5;15.74;21.82;166.75;2.9;0.48;165.74
2022-10-04 19:00:01;8.84;158.43;15.87;0.7;22.53;11.16;168.35;1.44;0.24;167.8
2022-10-04 18:00:36;8.92;164.23;15.44;0.45;34.52;7.35;167.98;0.57;0.1;167.53
2022-10-04 17:00:09;24.16;455.7;15.08;0.43;35.2;19.53;485.67;0.61;0.29;484.31
2022-10-04 16:00:44;24.29;460.66;15.0;0.41;36.23;19.07;489.68;0.63;0.31;488.33
2022-10-04 15:00:17;24.31;458.8;15.07;0.44;34.41;20.1;488.74;0.64;0.31;487.52
2022-10-04 14:00:52;24.45;449.35;15.48;0.52;29.93;23.23;488.02;0.83;0.41;486.4
2022-10-04 13:00:26;24.35;455.88;15.19;0.47;32.04;21.62;488.35;0.7;0.34;487.91
2022-10-04 12:01:01;24.37;458.16;15.13;0.46;32.59;21.27;488.19;0.71;0.35;486.82
2022-10-04 11:00:34;24.31;459.88;15.03;0.44;34.01;20.33;489.24;0.68;0.33;487.91
2022-10-04 10:00:08;24.31;457.97;15.1;0.46;33.07;20.91;488.27;0.72;0.35;487.05
2022-10-04 09:00:42;24.32;456.03;15.17;0.47;31.97;21.63;487.86;0.76;0.37;486.47
2022-10-04 08:00:16;24.53;449.4;15.52;0.52;29.6;23.57;487.41;0.89;0.43;485.94
2022-10-04 07:00:51;24.38;452.77;15.32;0.51;30.29;22.9;488.78;0.79;0.38;487.33
2022-10-04 06:00:24;24.21;442.23;15.57;0.56;27.61;24.94;484.57;0.94;0.46;483.05
2022-10-04 05:00:59;10.38;212.98;13.86;0.63;21.85;13.51;225.05;0.94;0.21;224.39
2022-10-04 04:00:32;10.33;210.22;13.98;0.75;18.61;15.79;224.32;1.17;0.26;223.75
2022-10-04 03:00:04;17.93;199.75;25.53;1.25;20.5;24.88;223.84;2.14;0.48;223.08
2022-10-04 02:00:38;29.0;209.77;39.33;0.95;41.53;19.87;224.56;1.55;0.35;223.97
2022-10-04 01:00:11;28.55;209.7;38.73;0.89;43.47;18.68;224.69;1.32;0.3;224.07
2022-10-04 00:00:46;40.73;288.95;40.1;0.74;53.94;21.48;421.34;1.34;0.57;418.95
2022-10-03 23:00:19;31.63;228.08;39.44;0.68;57.82;15.56;262.76;1.02;0.27;261.73
2022-10-03 22:00:54;10.42;200.95;14.75;1.14;12.94;22.91;224.32;1.88;0.42;223.4
2022-10-03 21:00:28;10.3;204.01;14.37;1.03;14.01;20.91;224.9;2.0;0.45;224.09
2022-10-03 20:00:01;10.42;203.01;14.59;0.99;14.72;20.13;223.72;1.74;0.39;222.96
2022-10-03 19:00:36;10.35;212.83;13.83;0.61;22.5;13.09;225.09;1.15;0.26;224.34
2022-10-03 18:00:10;10.35;217.07;13.57;0.47;29.15;10.1;225.39;0.65;0.15;224.8
2022-10-03 17:00:44;16.48;352.77;13.29;0.45;29.56;15.86;369.58;0.64;0.24;368.05
2022-10-03 16:00:18;16.47;354.9;13.2;0.42;31.14;15.04;369.74;0.6;0.22;368.57
2022-10-03 15:00:53;16.48;353.9;13.24;0.45;29.45;15.91;369.39;0.65;0.24;368.15
2022-10-03 14:00:26;16.6;352.07;13.41;0.46;29.46;16.03;369.51;0.66;0.24;368.06
2022-10-03 13:01:01;16.39;348.18;13.39;0.5;26.95;17.3;369.19;0.75;0.28;368.4
2022-10-03 12:00:35;16.47;353.04;13.27;0.46;28.66;16.34;370.47;0.68;0.25;369.13
2022-10-03 11:00:07;16.48;353.24;13.27;0.45;29.22;16.04;370.19;0.66;0.24;368.78
2022-10-03 10:00:43;16.51;353.3;13.3;0.47;28.07;16.73;369.9;0.69;0.26;368.73
2022-10-03 09:00:16;16.5;351.2;13.36;0.49;27.33;17.17;369.8;0.72;0.27;368.4
2022-10-03 08:00:51;16.49;342.0;13.71;0.62;22.03;21.29;367.1;1.17;0.43;365.55
2022-10-03 07:00:25;16.59;352.14;13.4;0.51;26.41;17.87;370.58;0.76;0.28;369.24
2022-10-03 06:00:59;16.32;342.94;13.53;0.57;23.67;19.61;365.79;0.95;0.35;364.43
2022-10-03 05:00:33;10.47;217.34;13.7;0.55;24.9;11.96;227.26;0.85;0.19;226.63
2022-10-03 04:00:05;10.33;210.35;13.97;0.7;19.88;14.78;223.71;1.13;0.25;223.06
2022-10-03 03:00:40;10.36;212.18;13.89;0.7;19.7;14.96;224.78;1.12;0.25;224.27
2022-10-03 02:00:14;10.43;215.09;13.79;0.58;23.66;12.53;225.63;0.89;0.2;224.99
2022-10-03 01:00:48;10.35;214.52;13.73;0.66;20.7;14.23;224.63;1.08;0.24;224.06
2022-10-03 00:00:22;23.61;230.2;29.18;1.91;15.24;44.06;445.81;5.41;2.41;441.77
2022-10-02 23:00:57;31.34;224.02;39.8;0.56;70.5;12.65;237.5;0.9;0.21;236.93
2022-10-02 22:00:30;10.69;219.5;13.85;0.41;33.37;9.11;225.32;0.52;0.12;224.83
2022-10-02 21:00:03;10.51;222.42;13.43;0.43;31.31;9.54;226.59;0.54;0.12;226.19
2022-10-02 20:00:38;10.58;221.0;13.62;0.45;30.47;9.88;225.65;0.57;0.13;225.17
2022-10-02 19:00:12;10.5;219.93;13.58;0.45;30.33;9.85;225.67;0.57;0.13;225.04
2022-10-02 18:00:47;30.47;644.5;13.45;0.49;27.43;31.6;791.53;0.8;0.63;790.36
2022-10-02 17:00:20;44.19;802.69;15.66;0.54;28.86;43.56;1050.7;0.95;1.0;1048.03
2022-10-02 16:00:55;44.44;807.72;15.65;0.53;29.5;42.85;1048.48;0.91;0.96;1046.05
2022-10-02 15:00:28;45.22;851.22;15.11;0.47;32.11;40.07;1059.12;0.79;0.84;1056.57
2022-10-02 14:00:01;46.33;873.79;15.08;0.43;35.04;37.61;1057.59;0.76;0.81;1055.53
2022-10-02 13:00:36;46.77;847.48;15.7;0.48;32.53;40.89;1049.88;0.88;0.93;1048.73
2022-10-02 12:00:10;47.01;815.99;16.39;0.54;30.15;44.35;1057.32;1.03;1.09;1054.94
2022-10-02 11:00:45;47.14;756.62;17.72;0.66;27.03;49.61;1046.96;1.35;1.42;1044.1
2022-10-02 10:00:18;47.69;827.74;16.39;0.55;29.81;45.51;1056.7;1.09;1.15;1054.23
2022-10-02 09:00:53;47.25;801.7;16.76;0.59;28.56;47.06;1046.48;1.15;1.2;1043.88
2022-10-02 08:00:26;47.6;783.6;17.28;0.7;24.61;55.02;1053.49;1.48;1.56;1050.13
2022-10-02 07:01:01;47.25;784.19;17.14;0.62;27.8;48.35;1046.15;1.25;1.31;1043.29
2022-10-02 06:00:35;52.61;735.45;20.35;0.8;25.54;58.6;1167.02;1.92;2.25;1163.33
2022-10-02 05:00:08;11.18;227.42;13.98;0.5;27.89;11.4;231.3;0.73;0.17;230.68
2022-10-02 04:00:43;10.97;222.47;14.03;0.57;24.83;12.57;225.55;0.81;0.18;224.92
2022-10-02 03:00:17;10.98;224.6;13.9;0.5;27.7;11.27;225.22;0.7;0.16;224.72
2022-10-02 02:00:52;25.14;227.11;31.48;0.57;55.6;12.86;226.74;0.77;0.17;226.3
2022-10-02 01:00:25;33.89;224.84;42.88;0.66;65.04;14.82;225.57;0.91;0.21;224.99
2022-10-02 00:01:00;43.94;303.89;41.13;0.63;65.11;19.19;413.97;1.17;0.48;412.17
2022-10-01 23:00:33;36.75;245.22;42.63;0.61;69.83;14.97;271.34;0.96;0.26;270.3
2022-10-01 22:00:07;11.15;225.57;14.06;0.49;28.43;11.16;225.64;0.74;0.17;225.01
2022-10-01 21:00:42;10.94;225.78;13.78;0.55;25.2;12.35;225.01;0.85;0.19;224.54
2022-10-01 20:00:15;11.06;224.28;14.02;0.54;26.18;12.01;224.92;0.84;0.19;224.37
2022-10-01 19:00:49;10.99;229.74;13.61;0.52;25.98;12.03;226.37;0.77;0.18;226.39
2022-10-01 18:00:23;32.89;664.04;14.09;0.49;29.0;32.27;788.99;0.99;0.78;788.09
2022-10-01 17:00:58;29.96;588.31;14.48;0.47;30.95;27.53;691.02;0.91;0.63;690.42
2022-10-01 16:00:31;30.52;588.83;14.74;0.5;29.43;29.5;706.03;1.02;0.72;705.36
2022-10-01 15:00:04;30.48;594.19;14.59;0.48;30.13;28.78;705.86;0.97;0.68;705.21
2022-10-01 14:00:38;30.24;414.1;20.77;1.23;16.87;51.0;697.44;4.08;2.85;696.05
2022-10-01 13:00:12;30.35;437.41;19.74;1.14;17.28;49.98;705.06;3.9;2.75;704.63
2022-10-01 12:00:47;30.03;413.59;20.66;1.3;15.87;53.84;696.91;4.47;3.11;695.53
2022-10-01 11:00:20;30.27;405.66;21.22;1.4;15.14;56.88;703.93;4.43;3.12;702.47
2022-10-01 10:00:54;29.98;396.25;21.52;1.42;15.18;56.17;697.22;4.13;2.88;695.71
2022-10-01 09:00:28;30.23;413.63;20.79;1.33;15.64;54.97;705.35;4.77;3.37;703.88
2022-10-01 08:00:01;30.2;401.29;21.4;1.46;14.67;58.56;702.7;4.96;3.48;701.14
2022-10-01 07:00:36;29.63;410.58;20.52;1.35;15.2;55.44;698.02;4.56;3.18;696.6
2022-10-01 06:00:08;15.26;118.93;36.5;2.14;17.08;25.43;139.33;4.23;0.59;139.09
2022-10-01 05:00:42;19.75;188.0;29.88;2.04;14.62;38.41;220.42;5.09;1.12;219.56
2022-10-01 04:00:13;17.35;191.83;25.72;1.9;13.55;36.43;219.57;3.5;0.77;218.85
2022-10-01 03:00:47;14.71;188.66;22.18;2.09;10.58;39.52;214.37;5.37;1.15;213.95
2022-10-01 02:00:21;16.63;188.26;25.13;2.22;11.34;41.71;216.47;5.66;1.23;215.96
2022-10-01 01:00:55;36.52;225.59;46.05;0.86;53.73;19.34;229.85;1.3;0.3;229.21
2022-10-01 00:00:29;42.49;243.92;49.54;0.87;57.24;21.11;290.63;1.57;0.46;289.54
2022-09-30 23:00:02;32.36;228.59;40.27;0.7;57.81;15.92;244.03;1.14;0.28;243.19
2022-09-30 22:00:36;10.92;211.24;14.7;0.99;14.83;20.94;225.21;1.53;0.34;224.29
2022-09-30 21:00:10;10.89;213.57;14.5;0.95;15.32;20.22;224.13;1.75;0.39;223.48
2022-09-30 20:00:45;10.9;216.14;14.34;0.82;17.47;17.74;224.2;1.35;0.3;223.46
2022-09-30 19:00:18;10.91;222.67;13.94;0.55;25.39;12.23;225.39;0.85;0.19;224.79
2022-09-30 18:00:53;10.95;225.83;13.79;0.48;28.44;10.95;225.45;0.7;0.16;225.04
2022-09-30 17:00:27;25.23;466.48;15.39;0.49;31.51;22.78;483.29;0.82;0.4;482.15
2022-09-30 16:01:02;25.43;468.93;15.42;0.49;31.63;22.87;487.12;0.83;0.41;485.97
2022-09-30 15:00:35;25.45;472.98;15.31;0.47;32.32;22.4;488.24;0.74;0.36;487.13
2022-09-30 14:00:09;25.47;473.89;15.29;0.46;33.17;21.84;489.14;0.74;0.36;487.97
2022-09-30 13:00:43;25.44;468.12;15.46;0.48;32.51;22.26;487.19;0.78;0.38;486.84
2022-09-30 12:00:17;25.43;468.07;15.45;0.51;30.53;23.69;488.0;0.83;0.41;486.79
2022-09-30 11:00:52;25.47;469.54;15.43;0.49;31.71;22.85;487.41;0.82;0.4;486.07
2022-09-30 10:00:25;25.48;470.42;15.41;0.48;32.11;22.58;487.61;0.78;0.38;486.33
2022-09-30 09:01:00;25.24;468.33;15.33;0.47;32.38;22.17;487.72;0.78;0.38;486.34
2022-09-30 08:00:34;24.97;461.49;15.39;0.52;29.66;23.94;486.51;0.93;0.45;485.16
2022-09-30 07:00:07;24.87;449.0;15.75;0.6;26.24;26.95;485.89;1.18;0.57;484.05
2022-09-30 06:00:40;27.99;435.8;18.27;0.65;28.15;28.29;469.88;1.21;0.57;468.43
2022-09-30 05:00:14;22.65;228.22;28.23;0.65;43.54;14.8;231.08;0.99;0.23;230.52
2022-09-30 04:00:48;21.65;226.07;27.24;0.7;38.96;15.81;230.09;1.08;0.25;229.52
2022-09-30 03:00:21;17.99;211.97;24.14;1.04;23.22;22.04;225.38;1.84;0.41;224.64
2022-09-30 02:00:56;18.97;221.76;24.34;0.72;33.6;16.06;226.1;1.18;0.27;225.53
2022-09-30 01:00:29;29.3;227.58;36.62;0.7;52.51;15.87;226.48;1.04;0.24;226.05
2022-09-30 00:00:02;54.14;309.39;49.78;0.77;64.82;23.76;455.08;1.5;0.68;452.7
2022-09-29 23:00:37;33.97;224.26;43.09;0.7;61.84;15.63;229.17;1.03;0.24;228.38
2022-09-29 22:00:10;11.08;207.13;15.21;1.16;13.08;24.09;224.53;1.88;0.42;223.67
2022-09-29 21:00:45;10.9;215.81;14.36;0.88;16.24;19.09;224.61;1.59;0.36;223.93
2022-09-29 20:00:18;10.89;214.61;14.44;0.84;17.2;18.01;224.32;1.38;0.31;223.47
2022-09-29 19:00:53;10.92;222.42;13.96;0.57;24.37;12.74;225.26;0.97;0.22;224.57
2022-09-29 18:00:26;10.93;226.74;13.72;0.5;27.41;11.35;224.75;0.73;0.16;224.36
2022-09-29 17:01:01;25.3;464.68;15.49;0.49;31.82;22.62;483.44;0.83;0.4;482.02
2022-09-29 16:00:34;25.5;466.2;15.56;0.51;30.35;23.9;487.74;0.87;0.42;486.28
2022-09-29 15:00:07;25.5;469.48;15.45;0.51;30.15;24.06;487.91;0.85;0.42;486.72
2022-09-29 14:00:42;25.45;464.31;15.59;0.52;29.72;24.36;487.23;0.9;0.44;485.93
2022-09-29 13:00:15;25.41;461.97;15.64;0.55;28.53;25.33;486.16;0.99;0.48;485.69
2022-09-29 12:00:50;25.38;465.09;15.52;0.52;29.98;24.08;487.13;0.89;0.44;485.83
2022-09-29 11:00:24;24.84;457.27;15.45;0.5;30.73;22.99;485.57;0.85;0.42;484.35
2022-09-29 10:00:57;24.76;450.25;15.64;0.59;26.53;26.54;480.98;1.03;0.5;479.7
2022-09-29 09:00:30;24.6;453.43;15.43;0.55;27.91;25.07;485.59;0.94;0.46;484.34
2022-09-29 08:00:04;24.64;462.38;15.16;0.47;32.16;21.8;486.5;0.77;0.37;485.24
2022-09-29 07:00:38;27.8;454.77;17.39;0.57;30.75;25.71;486.8;1.07;0.52;485.46
2022-09-29 06:00:10;35.85;448.26;22.75;0.56;40.69;25.06;474.72;0.93;0.44;473.33
2022-09-29 05:00:43;23.35;227.53;29.19;0.62;47.12;14.09;229.7;0.91;0.21;229.3
2022-09-29 04:00:16;20.73;225.52;26.14;0.61;42.88;13.75;231.26;0.9;0.21;230.73
2022-09-29 03:00:51;19.2;219.6;24.87;0.76;32.82;16.64;228.47;1.21;0.28;227.81
2022-09-29 02:00:24;39.89;224.09;50.63;0.79;64.04;17.72;231.84;1.17;0.27;231.13
2022-09-29 01:00:59;39.47;222.99;50.35;0.81;61.84;18.16;229.76;1.21;0.28;229.16
2022-09-29 00:00:32;47.07;290.42;46.1;0.88;52.47;25.51;434.42;1.64;0.71;431.92
2022-09-28 23:00:05;28.9;220.58;37.27;0.81;45.91;17.9;250.61;1.25;0.31;249.53
2022-09-28 22:00:40;10.5;215.41;13.86;0.71;19.55;15.28;226.56;1.09;0.25;225.7
2022-09-28 21:00:11;10.29;176.48;16.59;2.55;6.51;44.93;218.42;5.97;1.3;217.32
2022-09-28 20:00:46;10.6;198.42;15.2;1.31;11.62;25.96;224.41;2.31;0.52;223.25
2022-09-28 19:00:19;10.43;208.71;14.22;0.9;15.87;18.7;223.65;2.71;0.61;222.92
2022-09-28 18:00:54;10.53;218.22;13.72;0.54;25.32;11.83;225.57;0.77;0.17;224.95
2022-09-28 17:00:28;8.04;220.67;10.36;0.5;20.73;11.03;229.85;0.71;0.16;227.87
2022-09-28 16:00:01;8.02;222.51;10.26;0.51;20.13;11.34;230.67;0.71;0.16;228.94
2022-09-28 15:00:36;8.04;222.8;10.26;0.49;20.79;11.0;230.61;0.65;0.15;228.79
2022-09-28 14:00:10;8.31;225.44;10.49;0.51;20.67;11.44;231.28;0.7;0.16;229.49
2022-09-28 13:00:44;8.2;227.89;10.23;0.47;21.97;10.62;231.31;0.61;0.14;230.75
2022-09-28 12:00:18;8.15;226.41;10.23;0.49;20.88;11.1;230.61;0.66;0.15;228.94
2022-09-28 11:00:53;8.18;226.77;10.27;0.45;22.87;10.18;231.28;0.59;0.14;229.43
2022-09-28 10:00:26;8.21;226.34;10.32;0.43;23.75;9.83;230.91;0.56;0.13;229.09
2022-09-28 09:01:01;8.25;228.43;10.28;0.45;22.92;10.24;230.99;0.59;0.14;229.12
2022-09-28 08:00:34;8.71;232.44;10.66;0.49;21.69;11.43;231.25;0.7;0.16;229.46
2022-09-28 07:00:08;8.51;226.4;10.69;0.58;18.52;13.07;229.65;0.87;0.2;227.73
2022-09-28 06:00:40;7.91;197.8;11.37;1.35;8.44;26.64;212.63;2.56;0.54;210.58
2022-09-28 05:00:14;10.33;215.61;13.62;0.5;27.34;10.74;220.62;0.68;0.15;220.04
2022-09-28 04:00:48;10.39;215.99;13.68;0.52;26.06;11.34;222.65;0.73;0.16;222.15
2022-09-28 03:00:22;10.56;218.53;13.75;0.6;22.81;13.17;225.76;0.9;0.2;225.17
2022-09-28 02:00:57;28.46;219.7;36.85;0.7;52.45;15.43;226.43;1.02;0.23;225.71
2022-09-28 01:00:30;33.66;223.4;42.86;0.68;63.23;15.14;226.55;0.92;0.21;225.92
2022-09-28 00:00:04;49.21;311.14;44.99;0.71;63.58;22.02;455.52;1.28;0.58;453.22
2022-09-27 23:00:39;33.24;215.93;43.79;0.67;65.56;14.42;231.05;0.93;0.21;230.09
2022-09-27 22:00:11;12.71;197.47;18.31;1.3;14.14;25.58;224.45;2.13;0.48;223.56
2022-09-27 21:00:45;16.52;180.09;26.09;2.04;12.76;36.82;220.59;3.81;0.84;219.71
2022-09-27 20:00:19;13.96;196.31;20.22;1.31;15.41;25.75;222.47;2.31;0.51;221.58
2022-09-27 19:00:53;10.48;215.96;13.81;0.62;22.26;13.4;225.76;1.1;0.25;225.09
2022-09-27 18:00:27;30.3;648.9;13.28;0.45;29.36;29.36;788.19;0.81;0.64;786.91
2022-09-27 17:00:00;44.25;850.32;14.8;0.43;34.04;36.98;1052.08;0.77;0.81;1049.54
2022-09-27 16:00:35;44.28;844.68;14.91;0.45;32.92;38.26;1051.53;0.83;0.87;1048.81
2022-09-27 15:00:09;44.65;835.62;15.2;0.48;31.87;39.85;1060.29;0.87;0.92;1057.58
2022-09-27 14:00:44;44.35;810.62;15.56;0.54;28.75;43.87;1048.5;1.01;1.06;1045.4
2022-09-27 13:00:17;44.62;850.25;14.93;0.44;33.67;37.7;1060.23;0.8;0.85;1058.37
2022-09-27 12:00:52;44.1;829.55;15.12;0.47;31.87;39.37;1049.32;0.9;0.95;1046.26
2022-09-27 11:00:26;44.58;858.89;14.76;0.44;33.68;37.65;1060.77;0.74;0.79;1057.81
2022-09-27 10:01:01;44.2;849.19;14.81;0.44;33.49;37.54;1051.66;0.78;0.82;1048.73
2022-09-27 09:00:34;44.42;842.82;14.99;0.46;32.67;38.67;1058.7;0.94;0.99;1055.5
2022-09-27 08:00:08;44.45;853.03;14.82;0.45;32.75;38.61;1059.3;0.89;0.94;1055.96
2022-09-27 07:00:42;43.97;805.45;15.53;0.53;29.21;42.81;1047.81;1.11;1.16;1044.09
2022-09-27 06:00:16;44.11;785.83;15.97;0.57;27.95;44.9;1058.64;1.16;1.23;1054.64
2022-09-27 05:00:50;9.37;201.45;13.23;0.63;21.02;12.68;212.8;0.91;0.19;212.01
2022-09-27 04:00:23;9.39;201.5;13.26;0.64;20.77;12.87;212.96;0.94;0.2;212.24
2022-09-27 03:00:57;9.3;188.11;14.07;1.43;9.85;26.87;210.93;2.52;0.53;210.05
2022-09-27 02:00:29;9.38;197.25;13.53;0.91;14.87;17.95;211.27;1.37;0.29;210.64
2022-09-27 01:00:01;15.3;208.85;20.84;0.72;29.14;14.94;219.54;1.03;0.23;218.93
2022-09-27 00:00:36;42.49;287.34;42.06;0.66;63.36;19.07;403.43;1.19;0.48;401.45
2022-09-26 23:00:09;38.0;230.99;46.79;0.65;72.54;14.9;254.8;0.9;0.23;253.75
2022-09-26 22:00:44;10.39;207.19;14.27;1.01;14.1;20.96;225.97;1.52;0.34;224.96
2022-09-26 21:00:18;10.4;214.67;13.79;0.7;19.59;15.11;225.66;1.08;0.24;224.95
2022-09-26 20:00:53;10.45;212.68;13.97;0.82;17.09;17.39;224.83;1.27;0.29;223.8
2022-09-26 19:00:26;10.4;211.36;14.0;0.81;17.32;17.08;224.29;3.8;0.85;223.48
2022-09-26 18:01:01;30.33;667.87;12.92;0.41;31.74;27.18;789.08;0.71;0.56;787.73
2022-09-26 17:00:35;44.06;852.24;14.71;0.44;33.27;37.67;1050.11;0.76;0.79;1047.04
2022-09-26 16:00:08;44.48;873.54;14.48;0.41;35.25;35.9;1061.34;0.74;0.78;1058.06
2022-09-26 15:00:43;44.14;847.79;14.81;0.44;33.49;37.49;1051.46;0.81;0.86;1048.36
2022-09-26 14:00:16;44.5;859.89;14.72;0.43;34.16;37.05;1060.48;0.79;0.84;1057.17
2022-09-26 13:00:51;44.1;867.16;14.47;0.41;35.22;35.62;1051.53;0.75;0.79;1049.48
2022-09-26 12:00:25;44.49;856.3;14.78;0.44;33.22;38.09;1061.55;0.82;0.87;1058.4
2022-09-26 11:01:00;44.06;864.8;14.49;0.42;34.62;36.2;1050.85;0.75;0.79;1047.76
2022-09-26 10:00:33;44.43;854.1;14.8;0.44;33.52;37.71;1061.52;0.83;0.88;1058.27
2022-09-26 09:00:06;44.37;840.15;15.02;0.46;32.56;38.75;1060.54;0.87;0.92;1056.92
2022-09-26 08:00:41;44.19;857.53;14.66;0.42;34.49;36.44;1051.69;0.86;0.9;1048.35
2022-09-26 07:00:15;44.68;847.77;14.99;0.47;31.76;40.01;1060.75;0.96;1.02;1057.11
2022-09-26 06:00:49;45.54;831.33;15.58;0.5;31.29;41.4;1052.01;1.02;1.07;1047.81
2022-09-26 05:00:23;11.04;230.7;13.61;0.5;27.4;11.46;236.78;0.73;0.17;235.98
2022-09-26 04:00:58;10.59;220.05;13.69;0.58;23.46;12.84;225.45;1.0;0.22;224.68
2022-09-26 03:00:31;10.63;215.93;14.0;0.73;19.2;15.75;225.35;1.31;0.29;224.4
2022-09-26 02:00:05;30.5;218.33;39.74;0.73;54.37;15.96;227.15;1.1;0.25;225.81
2022-09-26 01:00:40;35.27;219.91;45.62;0.81;56.3;17.82;226.24;1.23;0.28;225.18
2022-09-26 00:00:13;36.25;233.07;44.24;2.04;21.66;47.61;447.67;5.29;2.37;442.75
2022-09-25 23:00:47;31.56;226.94;39.56;0.64;62.1;14.46;233.33;0.93;0.22;232.36
2022-09-25 22:00:21;11.26;229.78;13.93;0.44;31.47;10.18;226.79;0.6;0.14;226.08
2022-09-25 21:00:56;10.97;229.64;13.59;0.45;30.22;10.33;226.19;0.59;0.13;225.58
2022-09-25 20:00:29;10.99;229.21;13.64;0.45;30.47;10.26;225.58;0.58;0.13;224.93
2022-09-25 19:00:02;10.98;227.4;13.74;0.54;25.49;12.26;225.13;0.71;0.16;224.48
2022-09-25 18:00:37;33.03;643.98;14.59;0.54;27.04;34.75;795.64;0.98;0.78;793.67
2022-09-25 17:00:11;36.0;647.33;15.82;0.58;27.48;37.27;822.0;1.07;0.88;818.66
2022-09-25 16:00:46;35.82;680.2;14.98;0.48;31.01;32.86;817.59;0.86;0.7;813.97
2022-09-25 15:00:19;36.19;713.24;14.43;0.44;33.0;31.19;827.2;0.78;0.65;824.12
2022-09-25 14:00:54;35.76;703.11;14.47;0.43;33.97;29.94;817.19;0.78;0.64;813.89
2022-09-25 13:00:28;36.15;706.67;14.55;0.45;32.37;31.76;827.6;0.81;0.67;825.63
2022-09-25 12:00:01;36.05;681.27;15.05;0.48;31.21;32.85;827.11;0.9;0.74;823.0
2022-09-25 11:00:36;35.76;674.56;15.08;0.49;30.76;33.07;819.71;0.92;0.75;815.74
2022-09-25 10:00:10;35.97;700.83;14.6;0.46;31.88;32.09;827.15;0.83;0.68;823.42
2022-09-25 09:00:44;35.66;656.71;15.45;0.56;27.68;36.64;817.32;1.06;0.87;813.69
2022-09-25 08:00:18;36.1;654.79;15.68;0.6;26.01;39.48;827.76;1.21;1.0;823.42
2022-09-25 07:00:53;35.79;620.42;16.41;0.64;25.58;39.79;818.71;1.43;1.17;814.35
2022-09-25 06:00:26;38.2;624.81;17.39;0.69;25.08;43.32;862.01;1.56;1.35;857.72
2022-09-25 05:01:01;10.77;223.75;13.69;0.55;24.76;12.37;228.23;0.91;0.21;227.35
2022-09-25 04:00:35;10.66;221.1;13.71;0.61;22.3;13.59;225.8;1.01;0.23;224.94
2022-09-25 03:00:08;10.63;221.38;13.66;0.61;22.42;13.49;225.1;0.87;0.2;224.39
2022-09-25 02:00:43;27.82;225.95;35.02;0.58;60.04;13.18;227.69;0.78;0.18;226.92
2022-09-25 01:00:16;40.4;223.05;51.52;0.89;57.69;19.92;230.75;1.33;0.31;229.81
2022-09-25 00:00:51;53.65;313.26;48.71;0.65;74.7;20.43;426.32;1.12;0.48;423.19
2022-09-24 23:00:24;36.4;241.6;42.86;0.63;67.59;15.32;267.67;0.96;0.26;265.98
2022-09-24 22:00:59;11.14;227.22;13.94;0.49;28.51;11.11;226.62;0.68;0.15;225.64
2022-09-24 21:00:32;11.05;228.85;13.73;0.47;29.03;10.82;226.0;0.69;0.16;225.32
2022-09-24 20:00:06;10.97;226.37;13.79;0.54;25.47;12.26;225.83;0.9;0.2;225.01
2022-09-24 19:00:40;11.06;228.87;13.74;0.53;26.0;12.1;226.92;0.74;0.17;226.55
2022-09-24 18:00:14;32.86;657.9;14.21;0.5;28.28;33.05;792.06;0.95;0.75;790.44
2022-09-24 17:00:49;47.06;828.25;16.16;0.51;31.94;41.92;1046.51;1.02;1.07;1042.74
2022-09-24 16:00:22;47.66;856.94;15.82;0.48;32.84;41.28;1061.21;0.97;1.03;1057.63
2022-09-24 15:00:57;47.22;845.06;15.89;0.5;32.01;41.96;1050.92;0.95;1.0;1047.38
2022-09-24 14:00:30;47.5;785.5;17.2;0.63;27.4;49.31;1057.03;1.25;1.32;1053.14
2022-09-24 13:00:03;47.11;606.89;22.08;1.0;22.01;60.88;1052.03;3.73;3.92;1046.02
2022-09-24 12:00:38;46.62;559.9;23.68;1.24;19.14;69.28;1041.14;4.57;4.76;1034.04
2022-09-24 11:00:12;46.71;555.85;23.9;1.28;18.73;70.95;1045.88;4.61;4.82;1038.9
2022-09-24 10:00:47;46.55;564.89;23.44;1.24;18.86;70.22;1038.83;4.18;4.34;1032.24
2022-09-24 09:00:20;46.91;575.57;23.18;1.18;19.58;68.16;1048.04;4.08;4.28;1041.02
2022-09-24 08:00:55;46.51;559.44;23.65;1.26;18.8;70.39;1039.24;4.59;4.77;1032.18
2022-09-24 07:00:29;46.69;555.75;23.9;1.28;18.63;71.27;1044.15;5.18;5.41;1037.22
2022-09-24 06:00:02;45.53;567.59;22.82;1.23;18.54;69.86;1036.97;4.35;4.52;1030.15
2022-09-24 05:00:39;1.08;20.76;14.75;2.04;7.22;4.24;24.89;3.23;0.08;24.89
2022-09-24 04:00:13;1.08;20.26;15.11;1.86;8.1;3.78;25.25;2.68;0.07;25.25
2022-09-24 03:00:49;1.08;20.57;14.98;2.28;6.57;4.69;24.37;3.47;0.08;24.37
2022-09-24 02:00:23;1.14;21.52;15.02;2.49;6.03;5.36;25.27;3.62;0.09;25.27
2022-09-24 01:00:58;15.94;134.03;33.82;0.74;45.88;9.88;137.31;1.08;0.15;136.8
2022-09-24 00:00:32;49.44;298.64;47.09;0.82;57.38;24.51;437.2;1.67;0.73;434.36
2022-09-23 23:00:05;32.51;231.73;39.91;0.69;57.98;15.95;253.13;1.01;0.26;251.56
2022-09-23 22:00:40;10.95;218.23;14.27;0.74;19.36;16.09;225.11;1.1;0.25;224.32
2022-09-23 21:00:13;10.94;216.09;14.4;0.8;18.02;17.27;225.69;1.3;0.29;224.82
2022-09-23 20:00:48;10.94;217.11;14.34;0.71;20.13;15.47;225.46;1.09;0.25;224.52
2022-09-23 19:00:21;10.96;220.4;14.14;0.6;23.56;13.23;224.93;1.11;0.25;224.19
2022-09-23 18:00:56;10.99;223.75;13.97;0.45;30.72;10.18;225.43;0.63;0.14;224.71
2022-09-23 17:00:29;25.3;466.41;15.43;0.44;35.3;20.39;484.33;0.66;0.32;482.21
2022-09-23 16:00:03;25.57;472.08;15.41;0.42;36.43;19.97;489.96;0.66;0.32;487.53
2022-09-23 15:00:38;25.57;473.73;15.35;0.43;35.54;20.46;489.64;0.65;0.32;487.59
2022-09-23 14:00:11;25.56;468.32;15.53;0.46;34.03;21.37;488.58;0.71;0.35;486.22
2022-09-23 13:00:46;25.54;472.17;15.39;0.45;34.51;21.05;489.11;0.66;0.32;488.0
2022-09-23 12:00:20;25.2;460.16;15.58;0.48;32.14;22.3;482.87;0.77;0.37;480.44
2022-09-23 11:00:54;25.41;473.25;15.27;0.43;35.73;20.23;489.53;0.66;0.32;487.35
2022-09-23 10:00:28;25.3;466.34;15.43;0.45;34.28;20.99;488.53;0.69;0.34;485.98
2022-09-23 09:00:02;24.88;461.13;15.35;0.49;31.63;22.37;487.85;0.77;0.38;485.06
2022-09-23 08:00:36;24.64;455.12;15.4;0.58;26.65;26.3;487.04;1.1;0.54;484.64
2022-09-23 07:00:09;24.62;445.3;15.72;0.64;24.76;28.29;486.55;1.16;0.57;483.42
2022-09-23 06:00:44;24.11;445.95;15.38;0.52;29.65;23.12;473.89;0.86;0.41;470.99
2022-09-23 05:00:17;22.58;233.57;27.5;0.6;46.01;13.96;232.13;0.94;0.22;231.0
2022-09-23 04:00:52;24.11;230.98;29.7;0.6;49.74;13.79;230.67;0.82;0.19;229.8
2022-09-23 03:00:25;20.16;220.71;25.98;0.89;29.3;19.57;230.93;1.4;0.32;229.93
2022-09-23 02:00:59;20.94;221.38;26.9;0.7;38.36;15.53;230.92;1.01;0.23;229.92
2022-09-23 01:00:32;23.13;231.25;28.45;0.59;47.91;13.73;232.88;0.81;0.19;232.14
2022-09-23 00:00:05;40.86;310.32;37.46;0.7;53.47;21.74;456.77;1.29;0.59;453.32
2022-09-22 23:00:40;34.24;222.22;43.83;0.72;61.29;15.89;234.12;1.02;0.24;232.71
2022-09-22 22:00:13;10.92;204.75;15.16;1.19;12.69;24.46;224.71;1.91;0.43;223.58
2022-09-22 21:00:48;10.73;216.31;14.11;0.79;17.77;17.17;226.44;1.28;0.29;225.57
2022-09-22 20:00:21;10.67;214.14;14.17;0.82;17.23;17.61;224.27;1.28;0.29;223.26
2022-09-22 19:00:56;10.71;218.79;13.92;0.67;20.94;14.55;224.78;2.68;0.6;224.06
2022-09-22 18:00:30;10.44;221.75;13.39;0.44;30.16;9.85;221.26;0.6;0.13;220.74
2022-09-22 17:00:03;19.71;361.38;15.52;0.44;34.99;16.03;367.09;0.64;0.23;366.71
2022-09-22 16:00:38;19.68;360.75;15.52;0.43;36.15;15.49;369.34;0.63;0.23;368.99
2022-09-22 15:00:12;19.62;358.33;15.58;0.43;35.95;15.52;369.57;0.6;0.22;369.15
2022-09-22 14:00:47;19.87;362.55;15.59;0.45;34.57;16.35;368.95;0.64;0.24;368.6
2022-09-22 13:00:20;19.62;360.28;15.49;0.44;34.99;15.95;368.61;0.63;0.23;369.18
2022-09-22 12:00:55;19.61;353.13;15.8;0.58;27.28;20.45;368.32;0.87;0.32;367.91
2022-09-22 11:00:29;19.72;362.32;15.48;0.48;31.94;17.56;369.32;0.75;0.28;368.92
2022-09-22 10:00:02;19.42;356.78;15.48;0.53;29.3;18.85;367.47;0.81;0.3;367.06
2022-09-22 09:00:37;19.43;363.38;15.21;0.46;33.26;16.62;368.5;0.65;0.24;368.12
2022-09-22 08:00:10;19.42;359.11;15.38;0.51;30.23;18.27;368.09;0.84;0.31;367.69
2022-09-22 07:00:45;19.38;352.8;15.63;0.59;26.54;20.77;367.77;1.01;0.37;367.3
2022-09-22 06:00:18;19.29;353.59;15.52;0.53;29.2;18.79;362.72;0.77;0.28;362.35
2022-09-22 05:00:53;22.75;220.69;29.32;0.61;48.16;13.44;219.91;0.88;0.19;218.87
2022-09-22 04:00:27;24.55;219.07;31.88;0.65;49.29;14.17;219.02;0.91;0.2;217.81
2022-09-22 03:01:01;20.19;204.46;28.09;1.04;26.98;21.29;219.21;1.66;0.36;217.88
2022-09-22 02:00:34;20.97;210.43;28.35;0.77;36.95;16.14;218.97;1.14;0.25;217.88
2022-09-22 01:00:07;21.08;212.85;28.17;0.7;40.45;14.82;219.93;0.96;0.21;218.86
2022-09-22 00:00:42;32.84;214.58;43.53;0.83;52.57;17.77;228.67;1.21;0.28;227.4
2022-09-21 23:00:16;33.73;210.47;45.59;0.81;56.43;17.0;246.42;1.29;0.32;244.31
2022-09-21 22:00:51;9.46;199.64;13.47;0.69;19.62;13.71;213.54;0.96;0.21;212.47
2022-09-21 21:00:22;9.35;182.38;14.58;1.69;8.63;30.81;210.37;3.03;0.64;209.21
2022-09-21 20:00:57;9.51;196.28;13.78;0.92;15.06;17.96;212.61;1.38;0.29;211.45
2022-09-21 19:00:30;9.52;203.45;13.3;0.61;21.74;12.45;213.38;1.13;0.24;212.4
2022-09-21 18:00:03;29.27;637.11;13.07;0.47;27.6;30.17;778.99;0.82;0.64;777.05
2022-09-21 17:00:38;42.15;827.11;14.5;0.44;32.79;36.57;1027.19;0.75;0.77;1023.0
2022-09-21 16:00:12;42.58;854.21;14.18;0.41;34.89;34.72;1038.38;0.66;0.69;1034.07
2022-09-21 15:00:47;42.09;832.99;14.37;0.43;33.6;35.63;1026.77;0.74;0.76;1020.76
2022-09-21 14:00:20;42.49;836.62;14.45;0.46;31.52;38.34;1036.72;0.77;0.79;1031.81
2022-09-21 13:00:55;42.18;842.6;14.24;0.41;34.44;34.84;1028.37;0.68;0.7;1024.4
2022-09-21 12:00:28;42.48;819.29;14.75;0.45;32.42;37.27;1037.41;0.8;0.83;1032.39
2022-09-21 11:00:01;42.45;808.77;14.93;0.51;29.32;41.18;1036.81;0.92;0.95;1031.35
2022-09-21 10:00:35;42.24;845.11;14.22;0.42;33.59;35.76;1029.0;0.7;0.72;1024.42
2022-09-21 09:00:09;42.49;827.56;14.6;0.46;32.0;37.76;1037.34;0.82;0.85;1032.48
2022-09-21 08:00:43;42.21;830.43;14.46;0.44;32.67;36.75;1028.53;0.83;0.86;1022.99
2022-09-21 07:00:17;42.72;782.48;15.53;0.55;28.47;42.68;1036.82;1.13;1.17;1030.66
2022-09-21 06:00:50;42.34;784.54;15.35;0.51;30.09;40.03;1013.59;0.97;0.98;1006.53
2022-09-21 05:00:24;10.36;220.15;13.38;0.5;26.58;11.08;225.28;0.76;0.17;223.77
2022-09-21 04:00:58;9.78;207.63;13.4;0.6;22.24;12.51;213.49;0.91;0.19;212.02
2022-09-21 03:00:31;9.68;200.02;13.77;0.92;14.91;18.46;212.89;1.53;0.33;211.48
2022-09-21 02:00:05;9.54;201.81;13.45;0.68;19.64;13.82;213.81;1.13;0.24;212.25
2022-09-21 01:00:40;9.61;208.13;13.13;0.6;22.02;12.41;213.85;0.85;0.18;212.48
2022-09-21 00:00:13;16.41;211.04;22.11;0.62;35.81;13.03;217.43;0.85;0.18;215.7
2022-09-20 23:00:48;9.38;194.13;13.75;0.91;15.14;17.63;213.76;1.51;0.32;211.94
2022-09-20 22:00:20;10.82;180.48;17.05;1.71;9.98;30.82;211.95;2.87;0.61;210.47
2022-09-20 21:00:52;13.82;165.35;23.77;2.47;9.62;40.85;208.03;4.67;0.97;206.85
2022-09-20 20:00:25;11.88;183.74;18.4;1.42;13.0;26.01;211.05;2.42;0.51;209.47
2022-09-20 19:01:00;9.52;203.29;13.33;0.59;22.66;11.96;214.06;0.96;0.2;212.61
2022-09-20 18:00:33;28.97;617.32;13.35;0.49;27.28;30.2;775.53;0.94;0.73;772.72
2022-09-20 17:00:06;42.12;792.12;15.12;0.51;29.59;40.48;1029.71;1.01;1.04;1023.3
2022-09-20 16:00:40;41.97;749.76;15.92;0.57;27.83;42.9;1026.84;1.35;1.38;1019.9
2022-09-20 15:00:13;42.37;765.92;15.74;0.54;28.91;41.69;1037.77;1.14;1.18;1030.05
2022-09-20 14:00:48;42.09;771.57;15.52;0.53;29.14;41.09;1029.5;1.03;1.06;1021.63
2022-09-20 13:00:21;42.38;778.34;15.49;0.52;29.85;40.38;1039.31;1.08;1.12;1031.78
2022-09-20 12:00:56;41.97;764.19;15.62;0.55;28.5;41.89;1028.94;1.11;1.14;1019.85
2022-09-20 11:00:29;42.4;800.46;15.07;0.49;30.89;39.04;1039.16;0.92;0.96;1031.26
2022-09-20 10:00:02;42.4;810.55;14.88;0.47;31.83;37.89;1039.95;0.9;0.94;1031.33
2022-09-20 09:00:36;42.06;786.15;15.22;0.53;28.61;41.82;1029.98;1.04;1.07;1020.29
2022-09-20 08:00:09;42.26;733.44;16.39;0.61;26.8;44.85;1041.2;1.65;1.72;1028.16
2022-09-20 07:00:44;42.08;741.22;16.15;0.6;26.83;44.6;1035.08;1.36;1.41;1020.58
2022-09-20 06:00:16;42.14;766.49;15.64;0.56;27.8;43.12;1044.56;1.17;1.22;1030.43
2022-09-20 05:00:51;9.41;200.98;13.32;0.56;23.83;11.24;215.83;0.9;0.19;212.27
2022-09-20 04:00:24;9.44;201.32;13.33;0.56;23.73;11.31;216.08;0.77;0.17;212.6
2022-09-20 03:00:59;9.38;193.14;13.82;0.92;15.05;17.74;215.83;1.46;0.31;211.76
2022-09-20 02:00:31;9.42;198.94;13.46;0.72;18.72;14.31;215.93;1.12;0.24;211.97
2022-09-20 01:00:03;9.37;197.1;13.53;0.68;19.8;13.46;215.16;1.0;0.22;211.43
2022-09-20 00:00:38;10.88;201.25;15.38;0.55;27.82;11.13;217.76;0.83;0.18;213.52
2022-09-19 23:00:13;9.43;201.5;13.32;0.58;22.89;11.72;217.05;0.85;0.18;212.87
2022-09-19 22:00:49;9.38;190.14;14.04;1.13;12.38;21.57;217.24;1.77;0.38;211.92
2022-09-19 21:00:25;9.4;197.36;13.55;0.87;15.66;17.08;216.41;1.34;0.29;212.49
2022-09-19 20:01:01;9.35;196.68;13.52;0.89;15.16;17.54;215.87;1.37;0.3;211.82
2022-09-19 19:00:36;9.5;206.02;13.12;0.55;23.66;11.43;217.11;0.91;0.2;212.64
2022-09-19 18:00:11;11.68;271.24;12.25;0.41;29.99;11.08;305.91;0.58;0.18;302.13
2022-09-19 17:00:48;0.1;11.1;2.59;0.44;5.91;0.49;12.78;0.7;0.01;12.79
2022-09-19 16:00:23;0.1;10.66;2.63;0.5;5.26;0.53;12.68;0.89;0.01;12.68
2022-09-19 15:00:59;0.1;11.3;2.54;0.48;5.31;0.54;12.86;0.92;0.01;12.86
2022-09-19 14:00:34;0.1;11.58;2.49;0.51;4.91;0.59;12.72;0.97;0.01;12.72
2022-09-19 13:00:09;0.1;11.75;2.5;0.35;7.16;0.41;12.79;0.44;0.01;13.74
2022-09-19 12:00:45;0.1;11.36;2.52;0.51;4.98;0.57;12.77;0.87;0.01;12.78
2022-09-19 11:00:20;0.1;11.92;2.37;0.45;5.25;0.54;12.7;0.63;0.01;12.69
2022-09-19 10:00:57;0.1;12.09;2.36;0.52;4.57;0.62;12.87;0.95;0.01;12.87
2022-09-19 09:00:32;0.1;11.81;2.39;0.67;3.57;0.79;12.68;1.43;0.02;12.68
2022-09-19 08:00:07;0.1;12.06;2.37;0.81;2.91;0.98;12.74;1.81;0.02;12.74
2022-09-19 07:00:43;0.1;10.41;2.72;0.87;3.13;0.9;12.74;2.24;0.03;12.74
2022-09-19 06:00:18;0.1;10.15;2.76;0.37;7.41;0.38;12.67;0.52;0.01;12.67
2022-09-19 05:00:55;0.1;9.97;2.82;0.35;7.96;0.35;12.66;0.49;0.01;12.66
2022-09-19 04:00:30;0.1;10.04;2.75;0.35;7.79;0.35;12.45;0.47;0.01;12.44
2022-09-19 03:00:05;0.1;9.38;2.95;0.4;7.42;0.37;12.45;0.6;0.01;12.45
2022-09-19 02:00:41;0.1;9.88;2.95;0.41;7.24;0.4;12.66;0.54;0.01;12.66
2022-09-19 01:00:16;0.1;10.91;2.56;0.42;6.05;0.46;12.46;0.54;0.01;12.46
2022-09-19 00:00:52;1.61;10.94;41.87;1.98;21.15;2.16;13.3;2.85;0.04;13.3
2022-09-18 23:00:27;0.12;9.71;3.59;0.4;9.01;0.39;12.46;0.54;0.01;12.47
2022-09-18 22:00:02;0.11;9.99;3.0;0.32;9.32;0.32;12.72;0.43;0.01;12.72
2022-09-18 21:00:38;0.11;11.17;2.87;0.35;8.13;0.39;13.7;0.47;0.01;13.69
2022-09-18 20:00:13;0.1;9.86;2.87;0.34;8.4;0.34;12.44;0.46;0.01;12.44
2022-09-18 19:00:50;0.1;9.86;2.85;0.37;7.65;0.37;12.65;0.52;0.01;12.65
2022-09-18 18:00:25;0.1;9.92;2.85;0.38;7.45;0.38;12.65;0.52;0.01;12.65
2022-09-18 17:00:00;0.1;10.03;2.87;0.39;7.4;0.39;12.67;0.54;0.01;12.68
2022-09-18 16:00:36;0.1;9.99;2.85;0.37;7.68;0.37;12.86;0.51;0.01;12.86
2022-09-18 15:00:11;0.1;9.85;2.85;0.34;8.29;0.34;12.63;0.48;0.01;12.63
2022-09-18 14:00:48;0.1;10.37;2.82;0.32;8.9;0.33;12.88;0.42;0.01;12.89
2022-09-18 13:00:23;0.1;11.0;2.65;0.31;8.57;0.34;12.67;0.4;0.01;13.61
2022-09-18 12:00:59;0.1;11.24;2.54;0.37;6.79;0.42;12.73;0.48;0.01;12.74
2022-09-18 11:00:35;0.1;12.09;2.34;0.37;6.39;0.44;12.75;0.46;0.01;12.75
2022-09-18 10:00:10;0.1;10.31;2.72;0.44;6.23;0.45;12.65;0.78;0.01;12.65
2022-09-18 09:00:46;0.1;10.28;2.77;0.42;6.54;0.44;12.84;0.59;0.01;12.84
2022-09-18 08:00:21;0.1;9.64;2.94;0.62;4.76;0.6;12.64;0.94;0.01;12.64
2022-09-18 07:00:57;0.1;9.66;2.94;0.51;5.75;0.49;12.75;0.74;0.01;12.74
2022-09-18 06:00:32;5.84;102.92;16.15;0.7;22.97;7.24;105.99;0.72;0.08;106.0
2022-09-18 05:00:07;0.14;10.69;3.68;0.45;8.08;0.49;13.64;0.56;0.01;13.63
2022-09-18 04:00:44;0.1;9.75;2.89;0.35;8.25;0.34;12.65;0.48;0.01;12.65
2022-09-18 03:00:19;0.1;9.54;2.9;0.34;8.61;0.32;12.46;0.44;0.01;12.46
2022-09-18 02:00:55;0.1;10.11;2.86;0.35;8.28;0.35;12.56;0.46;0.01;12.56
2022-09-18 01:00:30;0.1;10.08;2.77;0.39;7.13;0.39;12.53;0.54;0.01;12.53
2022-09-18 00:00:05;1.75;10.79;46.14;0.57;81.57;0.61;13.16;0.56;0.01;13.17
2022-09-17 23:00:41;0.1;10.3;2.76;0.37;7.43;0.38;12.7;0.49;0.01;12.7
2022-09-17 22:00:16;0.1;10.01;2.79;0.37;7.6;0.37;12.53;0.48;0.01;12.54
2022-09-17 21:00:53;0.1;10.08;2.8;0.37;7.65;0.37;12.57;0.48;0.01;12.56
2022-09-17 20:00:28;0.1;10.47;2.74;0.36;7.55;0.38;12.53;0.48;0.01;12.53
2022-09-17 19:00:03;0.15;14.62;2.96;0.5;5.9;0.73;14.34;0.62;0.01;14.41
2022-09-17 18:00:40;0.1;10.51;2.8;0.36;7.8;0.38;12.98;0.46;0.01;12.94
2022-09-17 17:00:15;0.1;10.29;2.73;0.34;8.11;0.35;12.65;0.42;0.01;12.65
2022-09-17 16:00:51;0.1;10.61;2.66;0.36;7.46;0.38;12.75;0.47;0.01;12.75
2022-09-17 15:00:26;0.1;10.49;2.7;0.34;7.96;0.36;12.73;0.43;0.01;12.72
2022-09-17 14:00:01;0.1;10.21;2.81;0.46;6.06;0.47;12.7;0.6;0.01;12.7
2022-09-17 13:00:38;0.1;10.98;2.69;0.33;8.23;0.36;12.84;0.43;0.01;13.8
2022-09-17 12:00:13;0.1;10.54;2.67;0.36;7.51;0.37;12.64;0.46;0.01;12.64
2022-09-17 11:00:49;0.1;10.13;2.81;0.48;5.91;0.48;12.78;0.61;0.01;12.78
2022-09-17 10:00:24;0.1;9.98;2.81;0.57;4.96;0.57;12.73;0.71;0.01;12.73
2022-09-17 09:01:01;0.1;10.48;2.73;0.36;7.63;0.37;12.74;0.46;0.01;12.74
2022-09-17 08:00:35;0.1;10.49;2.74;0.4;6.92;0.42;12.75;0.51;0.01;12.74
2022-09-17 07:00:10;0.1;10.38;2.69;0.38;7.04;0.4;12.64;0.49;0.01;12.63
2022-09-17 06:00:47;0.1;10.38;2.73;0.46;5.98;0.47;12.77;0.61;0.01;12.77
2022-09-17 05:00:22;0.1;10.44;2.67;0.49;5.47;0.51;12.57;0.62;0.01;12.56
2022-09-17 04:00:59;0.1;10.9;2.58;0.76;3.38;0.83;12.57;1.04;0.01;12.57
2022-09-17 03:00:32;0.1;9.74;2.88;1.72;1.67;1.68;12.55;2.42;0.03;12.56
2022-09-17 02:00:07;0.1;9.9;2.89;1.72;1.68;1.7;12.46;2.25;0.03;12.45
2022-09-17 01:00:43;0.1;11.1;2.53;0.74;3.43;0.82;12.58;1.17;0.01;12.58
2022-09-17 00:00:18;1.41;11.09;36.07;0.64;55.99;0.71;13.1;0.66;0.01;13.09
2022-09-16 23:00:54;0.12;11.43;2.97;0.44;6.72;0.5;12.58;0.55;0.01;12.58
2022-09-16 22:00:29;0.12;11.34;2.93;0.83;3.54;0.94;13.69;1.18;0.02;13.69
2022-09-16 21:00:04;0.1;10.73;2.62;0.66;3.95;0.71;12.56;0.86;0.01;12.56
2022-09-16 20:00:41;0.1;10.45;2.74;0.85;3.24;0.89;12.58;1.26;0.02;12.58
2022-09-16 19:00:16;0.1;10.78;2.57;0.47;5.48;0.5;12.49;0.65;0.01;12.49
2022-09-16 18:00:52;0.1;10.7;2.66;0.35;7.51;0.38;12.76;0.44;0.01;12.76
2022-09-16 17:00:27;0.1;10.76;2.64;0.34;7.8;0.36;12.7;0.42;0.01;12.7
2022-09-16 16:00:02;0.1;10.66;2.62;0.34;7.76;0.36;12.67;0.43;0.01;12.67
2022-09-16 15:00:39;0.1;10.67;2.67;0.38;7.05;0.4;12.77;0.47;0.01;12.77
2022-09-16 14:00:14;0.1;11.19;2.57;0.39;6.64;0.43;12.75;0.49;0.01;12.75
2022-09-16 13:00:50;0.1;11.77;2.49;0.34;7.43;0.4;12.73;0.41;0.01;13.7
2022-09-16 12:00:25;0.1;10.96;2.58;0.39;6.65;0.43;12.71;0.47;0.01;12.71
2022-09-16 11:00:00;0.1;11.08;2.65;0.36;7.37;0.4;12.71;0.44;0.01;12.71
2022-09-16 10:00:37;0.1;11.27;2.52;0.42;5.95;0.48;12.81;0.54;0.01;12.8
2022-09-16 09:00:12;0.1;11.7;2.39;0.38;6.35;0.44;12.65;0.44;0.01;12.65
2022-09-16 08:00:48;0.1;11.82;2.42;0.47;5.14;0.56;12.71;0.66;0.01;12.71
2022-09-16 07:00:24;0.1;11.63;2.4;0.59;4.04;0.69;12.66;0.69;0.01;12.66
2022-09-16 06:01:00;0.1;11.78;2.39;0.49;4.92;0.57;12.76;0.6;0.01;12.76
2022-09-16 05:00:35;0.1;12.14;2.28;0.75;3.04;0.91;12.45;1.21;0.02;12.46
2022-09-16 04:00:10;0.1;12.49;2.21;0.46;4.86;0.57;12.47;0.59;0.01;12.46
2022-09-16 03:00:47;0.1;11.44;2.45;1.4;1.75;1.6;12.55;2.38;0.03;12.54
2022-09-16 02:00:22;0.1;11.76;2.45;0.73;3.34;0.86;12.45;0.91;0.01;12.45
2022-09-16 01:00:57;3.3;13.31;70.56;0.83;85.2;1.1;13.81;0.84;0.01;13.81
2022-09-16 00:00:31;7.81;16.27;136.49;1.12;121.44;1.83;15.73;0.98;0.02;15.74
2022-09-15 23:00:06;0.36;12.72;8.04;0.58;13.85;0.74;12.5;0.69;0.01;12.5
2022-09-15 22:00:42;0.12;13.55;2.46;1.03;2.4;1.39;13.83;1.38;0.02;13.83
2022-09-15 21:00:17;0.09;12.68;2.11;1.12;1.89;1.42;12.43;1.31;0.02;12.43
2022-09-15 20:00:54;0.1;12.94;2.14;0.69;3.11;0.89;12.56;0.78;0.01;12.56
2022-09-15 19:00:29;0.09;12.94;2.07;0.58;3.55;0.75;12.47;0.66;0.01;12.47
2022-09-15 18:00:04;0.1;13.24;2.09;0.4;5.28;0.52;12.64;0.45;0.01;12.66
2022-09-15 17:00:40;0.1;13.35;2.05;0.38;5.38;0.51;12.72;0.43;0.01;12.72
2022-09-15 16:00:15;0.34;42.03;2.27;0.39;5.87;1.63;42.1;0.46;0.02;42.09
2022-09-15 15:00:52;0.09;13.38;1.9;0.55;3.48;0.73;12.65;0.61;0.01;12.65
2022-09-15 14:02:30;1.19;44.18;7.66;0.44;17.31;1.95;55.59;0.57;0.03;53.31
2022-09-15 13:00:11;326.62;46.61;1993.14;10.02;198.99;46.69;0.1;30.34;0.0;0.05
2022-09-15 12:44:50;1.17;6.38;52.12;0.51;103.16;0.32;0.2;0.16;0.0;3.91
2022-09-15 11:00:25;0.01;1.23;1.21;0.81;1.5;0.1;0.12;0.22;0.0;0.03
2022-09-15 10:01:01;0.01;1.23;1.42;0.86;1.64;0.11;0.12;0.45;0.0;0.03
2022-09-15 09:00:36;0.01;1.38;1.62;0.99;1.64;0.14;0.13;1.01;0.0;0.03
2022-09-15 08:00:11;0.01;1.23;1.56;1.25;1.25;0.15;0.13;1.15;0.0;0.03
2022-09-15 07:00:47;0.01;1.14;1.36;0.69;1.98;0.08;0.06;0.67;0.0;0.02
2022-09-15 06:00:22;0.0;1.13;1.18;0.48;2.43;0.05;0.05;0.11;0.0;0.02
2022-09-15 05:00:59;0.0;1.13;1.16;0.56;2.06;0.06;0.05;0.0;0.0;0.02
2022-09-15 04:00:34;0.01;1.13;1.26;0.55;2.28;0.06;0.05;0.33;0.0;0.02
2022-09-15 03:00:09;0.01;1.11;1.55;1.25;1.24;0.14;0.05;0.65;0.0;0.02
2022-09-15 02:00:45;0.01;1.12;1.63;0.77;2.12;0.09;0.05;0.34;0.0;0.02
2022-09-15 01:00:20;0.0;1.13;1.17;0.56;2.09;0.06;0.05;0.05;0.0;0.02
2022-09-15 00:00:57;0.01;1.13;1.38;0.66;2.08;0.07;0.05;0.16;0.0;0.02
2022-09-14 23:00:32;3.47;50.64;19.51;0.68;28.77;3.43;0.06;0.31;0.0;0.03
2022-09-14 22:00:07;0.08;61.55;0.38;0.67;0.58;4.09;0.05;0.17;0.0;0.02
2022-09-14 21:00:43;0.08;59.25;0.38;1.56;0.24;9.27;0.05;0.81;0.0;0.02
2022-09-14 20:00:18;0.08;61.09;0.39;0.96;0.41;5.84;0.05;0.21;0.0;0.02
2022-09-14 19:00:54;0.08;61.11;0.38;0.64;0.59;3.93;0.05;0.23;0.0;0.02
2022-09-14 18:00:30;0.08;61.59;0.38;0.47;0.81;2.91;0.05;0.92;0.0;0.02
2022-09-14 17:00:05;0.08;61.38;0.38;0.44;0.87;2.69;0.05;1.13;0.0;0.13
2022-09-14 16:00:41;0.08;61.82;0.38;0.43;0.89;2.66;0.05;0.0;0.0;0.02
2022-09-14 15:00:16;0.08;61.52;0.39;0.42;0.91;2.61;0.05;0.06;0.0;0.02
2022-09-14 14:00:53;0.08;61.4;0.38;0.43;0.88;2.65;0.05;1.3;0.0;0.02
2022-09-14 13:00:28;0.08;61.51;0.38;0.39;0.96;2.43;0.05;0.05;0.0;0.02
2022-09-14 12:00:03;0.08;61.35;0.38;0.55;0.69;3.39;0.05;0.84;0.0;0.02
2022-09-14 11:00:39;0.08;61.48;0.38;0.4;0.94;2.48;0.05;0.41;0.0;0.02
2022-09-14 10:00:14;0.08;61.67;0.38;0.41;0.94;2.52;0.05;0.11;0.0;0.02
2022-09-14 09:00:51;0.08;60.98;0.38;0.51;0.75;3.1;0.05;0.17;0.0;0.02
2022-09-14 08:00:26;0.08;60.96;0.39;0.5;0.78;3.02;0.05;0.23;0.0;0.02
2022-09-14 07:00:01;0.08;60.96;0.38;0.68;0.56;4.16;0.05;0.54;0.0;0.02
2022-09-14 06:00:36;0.08;58.43;0.38;0.51;0.75;2.96;0.05;0.11;0.0;0.02
2022-09-14 05:00:11;0.08;61.56;0.38;0.49;0.78;2.99;0.05;0.06;0.0;0.02
2022-09-14 04:00:48;0.08;60.92;0.38;0.63;0.61;3.82;0.05;0.28;0.0;0.02
2022-09-14 03:00:23;0.08;59.79;0.39;1.35;0.29;8.04;0.05;0.68;0.0;0.02
2022-09-14 02:00:59;0.08;61.07;0.39;0.76;0.51;4.66;0.05;0.16;0.0;0.02
2022-09-14 01:00:34;0.08;60.97;0.38;0.58;0.66;3.53;0.05;0.4;0.0;0.02
2022-09-14 00:00:09;0.11;61.47;0.49;0.57;0.85;3.52;0.06;0.47;0.0;0.04
2022-09-13 23:00:45;0.08;60.91;0.38;0.57;0.67;3.46;0.05;0.05;0.0;0.02
2022-09-13 22:00:20;0.51;59.74;2.43;1.32;1.84;7.88;0.08;1.2;0.0;0.02
2022-09-13 21:00:57;1.6;55.4;8.21;2.07;3.96;11.47;0.13;2.89;0.0;0.02
2022-09-13 20:00:32;0.9;59.49;4.31;1.21;3.55;7.21;0.1;1.91;0.0;0.02
2022-09-13 19:00:07;0.08;60.97;0.38;0.54;0.7;3.31;0.05;0.11;0.0;0.02
2022-09-13 18:00:43;0.08;61.68;0.38;0.41;0.92;2.54;0.05;0.23;0.0;0.02
2022-09-13 17:00:18;0.08;61.47;0.38;0.51;0.75;3.14;0.05;0.54;0.0;0.02
2022-09-13 16:00:55;0.08;61.53;0.38;0.4;0.94;2.49;0.05;0.51;0.0;0.02
2022-09-13 15:00:30;0.08;61.03;0.38;0.41;0.92;2.53;0.05;0.06;0.0;0.02
2022-09-13 14:00:05;0.08;61.38;0.39;0.48;0.8;2.97;0.05;0.15;0.0;0.02
2022-09-13 13:00:41;0.08;61.26;0.38;0.41;0.92;2.52;0.05;0.37;0.0;0.02
2022-09-13 12:00:16;0.08;61.15;0.38;0.48;0.8;2.92;0.05;0.17;0.0;0.02
2022-09-13 11:00:53;0.08;60.62;0.38;0.5;0.76;3.04;0.05;1.98;0.0;0.02
2022-09-13 10:00:28;0.08;61.64;0.38;0.41;0.94;2.51;0.05;0.11;0.0;0.13
2022-09-13 09:00:03;0.08;60.68;0.39;0.44;0.88;2.68;0.05;0.05;0.0;0.24
2022-09-13 08:00:40;0.08;61.21;0.38;0.65;0.58;3.99;0.05;0.0;0.0;0.02
2022-09-13 07:00:15;0.08;61.26;0.38;0.6;0.64;3.67;0.05;0.11;0.0;0.02
2022-09-13 06:00:51;0.08;59.8;0.38;0.58;0.66;3.46;0.05;0.06;0.0;0.02
2022-09-13 05:00:26;0.08;60.8;0.38;0.66;0.58;4.0;0.05;0.43;0.0;0.02
2022-09-13 04:00:01;0.08;60.89;0.38;0.59;0.64;3.6;0.05;0.05;0.0;0.02
2022-09-13 03:00:37;0.08;57.43;0.38;2.28;0.17;13.07;0.05;4.58;0.0;0.02
2022-09-13 02:00:11;0.08;58.32;0.4;1.13;0.35;6.59;0.05;0.91;0.0;0.02
2022-09-13 01:00:47;0.08;58.5;0.38;0.82;0.47;4.77;0.05;0.52;0.0;0.02
2022-09-13 00:00:22;0.1;60.55;0.46;0.56;0.81;3.38;0.06;0.2;0.0;0.03
2022-09-12 23:00:58;0.08;61.03;0.38;0.52;0.74;3.15;0.05;0.06;0.0;0.02
2022-09-12 22:00:33;0.08;60.42;0.38;1.06;0.36;6.41;0.05;0.4;0.0;0.02
2022-09-12 21:00:08;0.08;61.06;0.39;0.98;0.4;5.98;0.05;0.58;0.0;0.02
2022-09-12 20:00:45;0.08;60.64;0.38;0.93;0.41;5.64;0.05;0.54;0.0;0.02
2022-09-12 19:00:20;0.08;60.32;0.38;0.75;0.51;4.54;0.05;1.1;0.0;0.02
2022-09-12 18:00:56;0.08;61.26;0.38;0.45;0.84;2.78;0.05;0.05;0.0;0.02
2022-09-12 17:00:31;0.08;60.72;0.38;0.59;0.64;3.59;0.05;0.11;0.0;0.02
2022-09-12 16:00:06;0.08;61.2;0.38;0.39;0.97;2.4;0.05;0.42;0.0;0.02
2022-09-12 15:00:43;0.08;60.97;0.38;0.45;0.85;2.73;0.05;1.31;0.0;0.02
2022-09-12 14:00:18;0.08;61.09;0.39;0.49;0.79;3.0;0.05;1.07;0.0;0.02
2022-09-12 13:00:54;0.08;60.71;0.38;0.47;0.82;2.83;0.05;2.02;0.0;0.02
2022-09-12 12:00:29;0.08;61.12;0.38;0.78;0.49;4.76;0.05;0.5;0.0;0.02
2022-09-12 11:00:04;0.08;60.81;0.38;0.46;0.83;2.8;0.05;0.33;0.0;0.02
2022-09-12 10:00:41;0.08;60.89;0.38;0.51;0.74;3.13;0.05;0.22;0.0;0.02
2022-09-12 09:10:30;0.09;60.9;0.4;0.46;0.87;2.78;0.05;0.0;0.0;0.02
2022-09-12 09:00:16;0.24;64.32;1.06;0.7;1.53;4.47;0.09;0.38;0.0;5.68
2022-09-12 07:00:28;0.08;59.98;0.38;0.87;0.44;5.24;0.05;1.44;0.0;0.02
2022-09-12 06:00:02;0.08;59.87;0.38;0.48;0.79;2.88;0.05;0.0;0.0;0.02
2022-09-12 05:00:39;0.08;61.69;0.39;0.55;0.7;3.41;0.05;0.16;0.0;0.02
2022-09-12 04:00:14;0.08;61.37;0.38;0.5;0.77;3.04;0.05;0.05;0.0;0.02
2022-09-12 03:00:50;0.08;61.06;0.38;1.05;0.36;6.4;0.05;1.09;0.0;0.02
2022-09-12 02:00:25;0.08;61.54;0.39;0.59;0.66;3.64;0.05;0.23;0.0;0.02
2022-09-12 01:01:02;0.08;59.97;0.38;0.89;0.43;5.35;0.06;0.7;0.0;0.02
2022-09-12 00:00:37;0.15;57.69;0.73;2.37;0.31;13.67;0.08;3.36;0.0;0.04
2022-09-11 23:00:12;0.08;61.15;0.39;0.4;0.98;2.44;0.05;0.1;0.0;0.02
2022-09-11 22:00:48;0.08;61.23;0.38;0.32;1.2;1.96;0.05;0.06;0.0;0.02
2022-09-11 21:00:23;0.08;60.46;0.38;0.35;1.09;2.11;0.05;0.16;0.0;0.02
2022-09-11 20:01:00;0.08;62.07;0.38;0.33;1.17;2.03;0.05;0.0;0.0;0.02
2022-09-11 19:00:35;0.08;61.93;0.38;0.39;0.97;2.42;0.05;0.17;0.0;0.02
2022-09-11 18:00:10;0.08;59.96;0.38;0.42;0.91;2.53;0.05;0.16;0.0;0.13
2022-09-11 17:00:46;0.08;62.24;0.39;0.39;1.0;2.41;0.06;0.4;0.0;0.03
2022-09-11 16:00:21;0.08;61.01;0.38;0.39;0.97;2.4;0.05;0.23;0.0;0.02
2022-09-11 15:00:58;0.08;61.97;0.38;0.39;0.99;2.39;0.05;0.05;0.0;0.02
2022-09-11 14:00:33;0.08;61.58;0.38;0.32;1.19;1.99;0.05;0.0;0.0;0.02
2022-09-11 13:00:08;0.08;61.37;0.38;0.32;1.21;1.94;0.05;0.0;0.0;0.02
2022-09-11 12:00:44;0.08;62.2;0.38;0.36;1.05;2.26;0.05;0.0;0.0;0.02
2022-09-11 11:00:19;0.08;61.28;0.39;0.38;1.01;2.36;0.05;0.67;0.0;0.02
2022-09-11 10:00:56;0.08;62.04;0.38;0.4;0.94;2.51;0.05;0.06;0.0;0.02
2022-09-11 09:00:31;0.08;61.59;0.38;0.47;0.82;2.87;0.05;0.06;0.0;0.02
2022-09-11 08:00:06;0.08;61.49;0.38;0.64;0.6;3.95;0.05;0.06;0.0;0.02
2022-09-11 07:00:42;0.08;60.48;0.38;0.8;0.48;4.81;0.05;0.63;0.0;0.02
2022-09-11 06:00:17;0.08;60.27;0.38;0.51;0.75;3.1;0.05;0.28;0.0;0.02
2022-09-11 05:00:53;0.08;61.45;0.39;0.51;0.77;3.11;0.05;0.22;0.0;0.02
2022-09-11 04:00:28;0.08;62.0;0.38;0.39;0.98;2.42;0.05;0.0;0.0;0.02
2022-09-11 03:00:03;0.08;61.56;0.38;0.55;0.69;3.4;0.05;0.06;0.0;0.02
2022-09-11 02:00:40;0.08;61.68;0.39;0.45;0.87;2.76;0.05;0.06;0.0;0.02
2022-09-11 01:00:15;0.08;61.66;0.38;0.44;0.86;2.74;0.05;0.16;0.0;0.02
2022-09-11 00:00:51;0.1;62.3;0.47;0.37;1.26;2.3;0.06;0.19;0.0;0.03
2022-09-10 23:00:26;0.09;61.71;0.39;0.49;0.8;3.03;0.05;0.1;0.0;0.02
2022-09-10 22:00:01;0.08;61.51;0.38;0.46;0.84;2.8;0.05;0.79;0.0;0.02
2022-09-10 21:00:38;0.08;61.73;0.38;0.45;0.84;2.79;0.05;0.06;0.0;0.02
2022-09-10 20:00:13;0.08;61.87;0.38;0.39;0.97;2.44;0.05;0.0;0.0;0.02
2022-09-10 19:00:49;0.14;65.2;0.59;0.47;1.25;3.07;1.29;1.6;0.0;1.89
2022-09-10 18:00:24;0.09;61.61;0.41;0.45;0.92;2.77;0.23;0.58;0.0;0.29
2022-09-10 17:01:01;0.08;61.3;0.39;0.44;0.89;2.68;0.05;0.56;0.0;0.02
2022-09-10 16:00:36;0.08;62.1;0.38;0.37;1.02;2.33;0.05;0.22;0.0;0.02
2022-09-10 15:00:11;0.08;62.13;0.38;0.39;0.98;2.42;0.05;0.06;0.0;0.02
2022-09-10 14:00:47;0.08;60.44;0.38;0.51;0.74;3.11;0.05;2.21;0.0;0.02
2022-09-10 13:00:22;0.08;62.04;0.38;0.4;0.94;2.51;0.05;0.96;0.0;0.02
2022-09-10 12:00:59;0.08;61.65;0.38;0.5;0.76;3.09;0.05;0.16;0.0;0.13
2022-09-10 11:00:34;0.08;61.13;0.39;0.69;0.57;4.2;0.05;0.22;0.0;0.13
2022-09-10 10:00:09;0.08;61.65;0.38;0.83;0.46;5.09;0.05;0.56;0.0;0.13
2022-09-10 09:00:45;0.08;62.16;0.38;0.49;0.78;3.05;0.05;0.16;0.0;0.02
2022-09-10 08:00:20;0.08;61.62;0.38;0.54;0.71;3.33;0.05;0.22;0.0;0.02
2022-09-10 07:00:57;0.08;61.08;0.38;0.58;0.66;3.53;0.05;0.0;0.0;0.02
2022-09-10 06:00:32;0.08;60.27;0.39;0.62;0.63;3.72;0.05;0.11;0.0;0.02
2022-09-10 05:00:07;0.08;61.26;0.39;0.81;0.49;4.94;0.05;0.77;0.0;0.02
2022-09-10 04:00:41;0.07;50.47;0.39;2.33;0.17;11.77;0.08;4.6;0.0;0.05
2022-09-10 03:00:14;0.06;41.67;0.4;5.34;0.07;22.26;0.07;14.94;0.0;0.04
2022-09-10 02:00:50;0.07;46.36;0.4;3.99;0.1;18.49;0.05;5.69;0.0;0.02
2022-09-10 01:00:25;0.08;61.88;0.38;0.69;0.55;4.25;0.05;0.43;0.0;0.02
2022-09-10 00:01:02;0.1;61.35;0.46;0.66;0.69;4.05;0.06;0.46;0.0;0.03
2022-09-09 23:00:36;0.08;61.65;0.39;0.58;0.67;3.59;0.05;0.05;0.0;0.02
2022-09-09 22:00:11;0.08;61.09;0.38;1.12;0.34;6.87;0.05;0.39;0.0;0.02
2022-09-09 21:00:48;0.08;60.97;0.38;0.82;0.47;4.98;0.05;0.87;0.0;0.02
2022-09-09 20:00:23;0.08;61.69;0.38;0.83;0.46;5.1;0.05;0.76;0.0;0.02
2022-09-09 19:00:59;0.08;60.58;0.38;0.85;0.45;5.13;0.05;0.61;0.0;0.02
2022-09-09 18:00:34;0.08;61.68;0.39;0.4;0.96;2.48;0.05;0.22;0.0;0.05
2022-09-09 17:00:09;0.09;61.54;0.39;0.39;1.02;2.37;0.08;0.8;0.0;0.06
2022-09-09 16:00:46;0.08;61.34;0.38;0.42;0.92;2.55;0.05;0.0;0.0;0.02
2022-09-09 15:00:21;0.08;61.06;0.38;0.38;0.99;2.35;0.05;0.22;0.0;0.02
2022-09-09 14:00:57;0.08;60.94;0.38;0.43;0.88;2.64;0.05;0.85;0.0;0.02
2022-09-09 13:00:32;0.08;61.19;0.38;0.42;0.9;2.59;0.05;0.11;0.0;0.02
2022-09-09 12:00:07;0.08;60.77;0.4;0.67;0.59;4.08;0.05;0.17;0.0;0.02
2022-09-09 11:20:12;0.11;60.55;0.52;0.44;1.17;2.69;0.06;0.15;0.0;0.02
2022-09-09 10:16:50;0.12;62.01;0.54;0.45;1.19;2.8;0.08;0.1;0.0;1.34
2022-09-09 09:00:32;1.18;69.45;4.81;0.63;7.64;4.38;13.28;0.87;0.01;13.29
2022-09-09 08:00:07;0.2;69.18;0.81;0.54;1.5;3.74;12.76;0.62;0.01;12.76
2022-09-09 07:00:43;0.19;68.29;0.8;0.95;0.84;6.48;12.86;0.99;0.01;12.87
2022-09-09 06:00:19;0.19;68.77;0.79;0.72;1.09;4.98;12.81;1.13;0.01;12.81
2022-09-09 05:00:55;0.2;70.48;0.79;0.63;1.25;4.43;12.77;1.59;0.02;12.77
2022-09-09 04:00:30;0.2;67.97;0.86;0.87;0.98;5.93;12.92;1.4;0.02;12.92
2022-09-09 03:00:05;0.2;67.07;0.83;1.22;0.68;8.15;12.75;1.25;0.02;12.74
2022-09-09 02:00:42;0.2;68.35;0.82;0.7;1.16;4.81;12.92;0.65;0.01;12.92
2022-09-09 01:00:16;0.21;68.11;0.87;0.6;1.46;4.06;12.79;0.59;0.01;12.79
2022-09-09 00:00:52;0.6;71.08;2.41;0.56;4.32;3.96;12.94;0.54;0.01;12.95
2022-09-08 23:00:25;0.34;69.19;1.39;0.56;2.47;3.89;12.95;0.54;0.01;12.95
2022-09-08 22:01:00;0.22;68.28;0.93;1.02;0.91;6.99;12.82;1.05;0.01;12.82
2022-09-08 21:00:33;0.21;68.65;0.87;0.95;0.92;6.52;12.98;0.94;0.01;12.98
2022-09-08 20:00:07;0.21;68.49;0.87;0.87;1.0;5.94;12.75;0.92;0.01;12.75
2022-09-08 19:00:41;0.23;70.01;0.91;0.64;1.42;4.51;12.9;0.82;0.01;12.9
2022-09-08 18:00:15;0.23;69.48;0.92;0.46;2.01;3.19;12.82;0.47;0.01;12.86
2022-09-08 17:00:50;0.24;69.88;0.97;0.43;2.25;3.02;12.78;0.49;0.01;12.78
2022-09-08 16:00:23;6.77;72.02;26.75;0.59;45.42;4.24;13.79;0.52;0.01;13.95
2022-09-08 15:00:58;35.62;145.53;69.61;0.72;96.14;10.54;89.24;0.72;0.06;89.23
2022-09-08 14:00:32;29.66;156.2;54.01;0.68;78.93;10.69;101.7;0.67;0.07;101.81
2022-09-08 13:00:05;27.9;99.68;79.6;0.81;98.32;8.07;45.5;0.67;0.03;45.48
2022-09-08 12:00:40;26.93;93.49;81.92;0.94;87.54;8.75;39.43;1.11;0.04;39.45
2022-09-08 11:00:13;28.03;93.23;85.53;0.89;95.76;8.33;39.54;1.04;0.04;39.56
2022-09-08 10:00:48;9.56;92.24;29.47;0.6;49.51;5.49;39.51;0.75;0.03;39.51
2022-09-08 09:00:21;4.86;91.31;15.14;0.59;25.53;5.41;39.09;0.73;0.03;39.05
2022-09-08 08:00:57;3.69;92.45;11.36;0.55;20.8;5.05;36.87;0.7;0.03;36.85
2022-09-08 07:00:30;3.7;92.65;11.35;0.62;18.22;5.77;36.47;0.76;0.03;36.48
2022-09-08 06:00:03;3.65;91.21;11.38;0.57;20.02;5.18;36.77;0.68;0.03;36.74
2022-09-08 05:00:36;2.74;74.26;10.49;2.62;4.01;19.45;25.54;5.41;0.14;25.52
2022-09-08 04:00:08;2.74;74.42;10.49;2.41;4.35;17.92;24.77;4.08;0.1;24.76
2022-09-08 03:00:42;2.74;77.87;10.01;1.83;5.46;14.28;25.21;2.69;0.07;25.2
2022-09-08 02:00:14;2.75;77.08;10.15;1.8;5.65;13.85;25.08;2.89;0.07;25.07
2022-09-08 01:00:49;16.49;82.06;57.17;1.0;57.14;8.21;27.03;1.1;0.03;27.04
2022-09-08 00:00:22;26.81;142.52;53.51;1.48;36.2;21.07;244.61;3.94;0.96;240.63
2022-09-07 23:00:57;22.29;79.59;79.66;1.3;61.44;10.32;36.89;1.66;0.06;36.64
2022-09-07 22:00:32;3.06;82.01;10.63;0.76;13.98;6.23;26.64;0.9;0.02;26.64
2022-09-07 21:00:06;2.68;73.45;10.38;2.32;4.47;17.05;24.8;3.36;0.08;24.79
2022-09-07 20:00:43;2.75;80.01;9.76;0.92;10.62;7.35;25.58;1.11;0.03;25.58
2022-09-07 19:00:17;2.75;79.89;9.79;0.58;16.95;4.62;24.77;0.67;0.02;24.77
2022-09-07 18:00:52;2.57;80.46;9.1;0.48;18.77;3.9;23.74;0.55;0.01;23.51
2022-09-07 17:00:26;3.67;93.74;11.14;0.46;23.99;4.35;35.78;0.63;0.02;35.51
2022-09-07 16:01:01;10.78;99.33;30.86;0.52;58.9;5.2;27.77;0.54;0.01;23.95
2022-09-07 15:00:34;2.58;94.67;7.75;0.42;18.54;3.96;30.83;0.53;0.02;28.92
2022-09-07 14:00:08;3.23;92.88;9.91;0.46;21.75;4.23;36.8;0.6;0.02;37.76
2022-09-07 13:00:42;3.27;92.76;10.04;0.42;23.7;3.93;36.8;0.55;0.02;36.8
2022-09-07 12:00:16;3.29;92.02;10.18;0.5;20.2;4.64;36.49;0.65;0.02;36.49
2022-09-07 11:00:51;3.29;93.02;10.06;0.42;23.69;3.95;36.81;0.55;0.02;36.8
2022-09-07 10:00:24;3.3;93.34;10.07;0.51;19.89;4.72;36.66;0.62;0.02;36.65
2022-09-07 09:00:59;3.25;92.73;9.97;0.46;21.52;4.3;36.47;0.55;0.02;36.44
2022-09-07 08:00:33;3.27;92.51;10.05;0.53;18.89;4.92;36.98;0.68;0.03;36.98
2022-09-07 07:00:06;3.31;92.78;10.15;0.59;17.2;5.48;36.66;0.76;0.03;36.65
2022-09-07 06:00:40;3.27;89.8;10.36;0.57;18.11;5.14;36.74;0.73;0.03;36.73
2022-09-07 05:00:13;6.92;83.67;23.54;0.62;38.01;5.18;26.95;0.73;0.02;26.88
2022-09-07 04:00:48;18.86;89.01;60.27;0.9;67.06;8.0;31.75;0.91;0.03;31.65
2022-09-07 03:00:20;18.78;82.67;64.63;1.68;38.55;13.86;28.85;1.88;0.05;28.85
2022-09-07 02:00:55;39.28;85.42;130.79;1.44;90.99;12.28;30.39;1.25;0.04;30.39
2022-09-07 01:00:28;38.99;87.17;127.21;1.28;99.16;11.18;31.91;1.06;0.03;31.91
2022-09-07 00:00:01;48.83;177.58;78.22;0.95;81.97;16.94;255.8;1.54;0.39;253.79
2022-09-06 23:00:36;23.45;83.11;80.27;0.98;81.82;8.15;28.58;0.92;0.03;28.54
2022-09-06 22:00:09;1.91;79.41;6.86;1.46;4.69;11.61;18.77;2.08;0.04;16.8
2022-09-06 21:00:42;2.92;74.14;11.2;2.26;4.95;16.77;18.96;3.65;0.07;16.92
2022-09-06 20:00:16;1.98;78.73;7.15;1.42;5.03;11.2;18.9;2.23;0.04;16.91
2022-09-06 19:00:51;1.02;82.73;3.52;0.71;4.96;5.87;18.8;1.39;0.03;16.85
2022-09-06 18:00:24;0.87;83.45;2.97;0.45;6.65;3.73;18.99;0.55;0.01;17.06
2022-09-06 17:00:59;1.02;98.21;2.95;0.46;6.4;4.53;25.65;0.61;0.02;22.18
2022-09-06 16:00:32;47.83;57.14;238.12;1.55;154.08;8.83;36.9;1.15;0.04;36.88
2022-09-06 15:00:06;64.4;51.16;358.05;2.03;176.49;10.38;42.67;1.17;0.05;42.66
2022-09-06 14:00:41;60.9;45.99;376.67;2.23;169.06;10.25;36.44;1.3;0.05;37.39
2022-09-06 13:00:14;63.23;46.66;385.45;2.0;192.9;9.32;36.76;0.95;0.03;36.75
2022-09-06 12:00:49;59.84;45.58;373.39;2.13;175.53;9.7;36.53;1.13;0.04;36.51
2022-09-06 11:00:23;61.35;46.77;373.12;1.94;192.63;9.06;36.75;0.92;0.03;36.74
2022-09-06 10:22:28;5.95;37.32;45.34;0.54;84.3;2.01;35.06;0.49;0.02;35.06
2022-09-06 10:12:14;36.99;244.44;43.04;1.32;32.54;32.34;566.69;3.46;1.96;551.64
2022-09-06 06:00:38;91.28;448.9;57.84;0.77;74.92;34.66;510.53;1.64;0.84;505.4
2022-09-06 05:00:11;41.33;238.09;49.38;0.93;53.2;22.1;246.98;1.7;0.42;246.22
2022-09-06 04:00:46;54.83;240.44;64.86;0.96;67.54;23.09;245.92;1.51;0.37;245.09
2022-09-06 03:00:18;45.93;199.64;65.44;2.16;30.23;43.22;239.46;5.48;1.31;238.11
2022-09-06 02:00:49;46.9;223.46;59.7;1.32;45.38;29.39;241.78;2.61;0.63;240.9
2022-09-06 01:00:16;42.88;231.88;52.6;1.02;51.44;23.71;239.1;1.63;0.39;238.5
